GAME_DATE_EST,GAME_ID,GAME_STATUS_TEXT,HOME_TEAM_ID,VISITOR_TEAM_ID,SEASON,TEAM_ID_home,PTS_home,FG_PCT_home,FT_PCT_home,FG3_PCT_home,AST_home,REB_home,TEAM_ID_away,PTS_away,FG_PCT_away,FT_PCT_away,FG3_PCT_away,AST_away,REB_away,HOME_TEAM_WINS
3/1/2020,21900895,Final,1610612766,1610612749,2019,1610612766,85,0.354,0.9,0.229,22,47,1610612749,93,0.402,0.762,0.226,20,61,0
3/1/2020,21900896,Final,1610612750,1610612742,2019,1610612750,91,0.364,0.4,0.31,19,57,1610612742,111,0.468,0.632,0.275,28,56,0
3/1/2020,21900897,Final,1610612746,1610612755,2019,1610612746,136,0.592,0.805,0.542,25,37,1610612755,130,0.505,0.65,0.488,27,37,1
3/1/2020,21900898,Final,1610612743,1610612761,2019,1610612743,133,0.566,0.7,0.5,38,41,1610612761,118,0.461,0.897,0.263,24,36,1
3/1/2020,21900899,Final,1610612758,1610612765,2019,1610612758,106,0.407,0.885,0.257,18,51,1610612765,100,0.413,0.667,0.429,23,42,1
3/1/2020,21900900,Final,1610612740,1610612747,2019,1610612740,114,0.421,0.818,0.219,24,52,1610612747,122,0.515,0.9,0.371,23,36,0
3/1/2020,21900901,Final,1610612744,1610612764,2019,1610612744,110,0.472,0.708,0.321,25,52,1610612764,124,0.488,0.889,0.667,24,34,0
2/29/2020,21900887,Final,1610612752,1610612741,2019,1610612752,125,0.553,0.697,0.4,29,50,1610612741,115,0.461,0.696,0.486,26,33,1
2/29/2020,21900888,Final,1610612737,1610612757,2019,1610612737,129,0.548,0.864,0.429,34,36,1610612757,117,0.5,0.714,0.286,14,42,1
2/29/2020,21900889,Final,1610612748,1610612751,2019,1610612748,116,0.451,0.833,0.368,27,45,1610612751,113,0.465,0.739,0.364,30,44,1
2/29/2020,21900890,Final,1610612739,1610612754,2019,1610612739,104,0.482,0.85,0.227,30,36,1610612754,113,0.54,0.786,0.348,30,38,0
2/29/2020,21900891,Final,1610612763,1610612747,2019,1610612763,105,0.453,0.818,0.323,27,51,1610612747,88,0.409,0.583,0.25,26,45,1
2/29/2020,21900892,Final,1610612738,1610612745,2019,1610612738,110,0.39,0.76,0.31,22,54,1610612745,111,0.418,0.778,0.273,17,53,0
2/29/2020,21900893,Final,1610612759,1610612753,2019,1610612759,114,0.524,0.75,0.452,28,31,1610612753,113,0.488,0.696,0.405,28,41,1
2/29/2020,21900894,Final,1610612756,1610612744,2019,1610612756,99,0.41,0.826,0.414,24,40,1610612744,115,0.471,0.75,0.3,30,49,0
2/28/2020,21900877,Final,1610612753,1610612750,2019,1610612753,136,0.541,0.818,0.3,36,54,1610612750,125,0.484,0.667,0.386,27,33,1
2/28/2020,21900878,Final,1610612737,1610612751,2019,1610612737,141,0.515,0.733,0.487,32,52,1610612751,118,0.457,0.762,0.391,30,38,1
2/28/2020,21900879,Final,1610612761,1610612766,2019,1610612761,96,0.347,0.69,0.233,19,45,1610612766,99,0.436,0.72,0.433,23,58,0
2/28/2020,21900880,Final,1610612748,1610612742,2019,1610612748,126,0.519,0.75,0.486,30,40,1610612742,118,0.476,0.895,0.42,25,35,1
2/28/2020,21900881,Final,1610612763,1610612758,2019,1610612763,101,0.429,0.75,0.267,27,52,1610612758,104,0.418,0.81,0.289,24,47,0
2/28/2020,21900882,Final,1610612749,1610612760,2019,1610612749,133,0.5,0.857,0.467,34,66,1610612760,86,0.363,0.7,0.171,14,36,1
2/28/2020,21900883,Final,1610612740,1610612739,2019,1610612740,116,0.545,0.733,0.391,36,49,1610612739,104,0.453,0.583,0.355,27,34,1
2/28/2020,21900884,Final,1610612756,1610612765,2019,1610612756,111,0.6,0.706,0.391,31,38,1610612765,113,0.489,0.75,0.406,27,31,0
2/28/2020,21900885,Final,1610612762,1610612764,2019,1610612762,129,0.494,0.733,0.514,23,54,1610612764,119,0.459,0.714,0.378,23,41,1
2/28/2020,21900886,Final,1610612746,1610612743,2019,1610612746,132,0.539,0.9,0.462,35,46,1610612743,103,0.451,0.75,0.36,19,39,1
2/27/2020,21900873,Final,1610612755,1610612752,2019,1610612755,115,0.495,0.769,0.484,32,44,1610612752,106,0.506,0.583,0.348,28,39,1
2/27/2020,21900874,Final,1610612754,1610612757,2019,1610612754,106,0.444,0.783,0.32,21,48,1610612757,100,0.461,0.643,0.3,14,45,1
2/27/2020,21900875,Final,1610612760,1610612758,2019,1610612760,112,0.488,0.724,0.346,20,37,1610612758,108,0.451,1,0.343,30,45,1
2/27/2020,21900876,Final,1610612744,1610612747,2019,1610612744,86,0.425,0.9,0.281,27,37,1610612747,116,0.511,0.667,0.333,24,44,0
2/26/2020,21900864,Final,1610612766,1610612752,2019,1610612766,107,0.47,0.76,0.333,25,37,1610612752,101,0.506,0.647,0.267,22,42,1
2/26/2020,21900865,Final,1610612739,1610612755,2019,1610612739,108,0.526,0.882,0.458,24,48,1610612755,94,0.404,0.643,0.342,22,31,1
2/26/2020,21900866,Final,1610612764,1610612751,2019,1610612764,110,0.427,0.813,0.385,22,39,1610612751,106,0.414,0.686,0.278,15,56,1
2/26/2020,21900867,Final,1610612737,1610612753,2019,1610612737,120,0.447,0.92,0.361,30,42,1610612753,130,0.49,0.72,0.438,30,52,0
2/26/2020,21900868,Final,1610612748,1610612750,2019,1610612748,126,0.526,0.767,0.423,30,43,1610612750,129,0.516,0.72,0.37,28,33,0
2/26/2020,21900870,Final,1610612745,1610612763,2019,1610612745,140,0.559,0.867,0.46,22,44,1610612763,112,0.398,0.619,0.333,28,49,1
2/26/2020,21900869,Final,1610612759,1610612742,2019,1610612759,103,0.424,0.737,0.333,22,55,1610612742,109,0.419,0.667,0.378,25,43,0
2/26/2020,21900871,Final,1610612756,1610612746,2019,1610612756,92,0.391,0.833,0.265,29,48,1610612746,102,0.44,0.933,0.368,22,46,0
2/26/2020,21900872,Final,1610612762,1610612738,2019,1610612762,103,0.449,0.733,0.3,16,41,1610612738,114,0.536,0.813,0.423,21,44,0
2/25/2020,21900857,Final,1610612754,1610612766,2019,1610612754,119,0.57,0.846,0.435,35,56,1610612766,80,0.333,0.444,0.303,22,39,1
2/25/2020,21900858,Final,1610612761,1610612749,2019,1610612761,97,0.352,0.714,0.346,21,43,1610612749,108,0.381,0.833,0.333,23,53,0
2/25/2020,21900859,Final,1610612741,1610612760,2019,1610612741,122,0.536,0.667,0.387,22,39,1610612760,124,0.553,0.743,0.467,25,37,0
2/25/2020,21900860,Final,1610612743,1610612765,2019,1610612743,115,0.579,0.818,0.474,33,41,1610612765,98,0.407,0.81,0.366,24,33,1
2/25/2020,21900861,Final,1610612747,1610612740,2019,1610612747,118,0.441,0.714,0.295,27,51,1610612740,109,0.453,0.767,0.296,31,45,1
2/25/2020,21900862,Final,1610612757,1610612738,2019,1610612757,106,0.447,0.739,0.419,24,41,1610612738,118,0.478,0.929,0.487,19,45,0
2/25/2020,21900863,Final,1610612744,1610612758,2019,1610612744,94,0.443,0.833,0.143,21,34,1610612758,112,0.526,0.559,0.433,25,40,0
2/24/2020,21900849,Final,1610612739,1610612748,2019,1610612739,125,0.443,0.735,0.378,25,53,1610612748,119,0.458,0.75,0.381,33,49,1
2/24/2020,21900850,Final,1610612755,1610612737,2019,1610612755,129,0.511,0.9,0.4,27,48,1610612737,112,0.412,0.889,0.211,19,44,1
2/24/2020,21900851,Final,1610612764,1610612749,2019,1610612764,134,0.48,0.758,0.429,27,41,1610612749,137,0.57,0.815,0.459,26,45,0
2/24/2020,21900852,Final,1610612751,1610612753,2019,1610612751,113,0.479,0.625,0.432,29,49,1610612753,115,0.494,0.824,0.382,27,41,0
2/24/2020,21900853,Final,1610612745,1610612752,2019,1610612745,123,0.5,0.677,0.333,20,38,1610612752,112,0.44,0.7,0.379,20,54,1
2/24/2020,21900854,Final,1610612742,1610612750,2019,1610612742,139,0.505,0.75,0.364,28,54,1610612750,123,0.442,0.706,0.357,16,42,1
2/24/2020,21900855,Final,1610612762,1610612756,2019,1610612762,111,0.471,0.86,0.385,16,30,1610612756,131,0.563,0.875,0.6,33,38,0
2/24/2020,21900856,Final,1610612746,1610612763,2019,1610612746,124,0.5,0.824,0.432,33,50,1610612763,97,0.416,0.727,0.259,20,45,1
2/23/2020,21900842,Final,1610612747,1610612738,2019,1610612747,114,0.453,0.676,0.324,20,46,1610612738,112,0.458,0.767,0.382,20,44,1
2/23/2020,21900843,Final,1610612761,1610612754,2019,1610612761,127,0.511,0.889,0.386,32,57,1610612754,81,0.326,0.647,0.242,23,39,1
2/23/2020,21900844,Final,1610612743,1610612750,2019,1610612743,128,0.589,0.647,0.367,29,38,1610612750,116,0.444,0.759,0.35,26,38,1
2/23/2020,21900845,Final,1610612741,1610612764,2019,1610612741,126,0.556,0.643,0.486,27,37,1610612764,117,0.507,0.861,0.4,24,34,1
2/23/2020,21900846,Final,1610612760,1610612759,2019,1610612760,131,0.575,0.875,0.455,28,54,1610612759,103,0.369,0.842,0.289,27,43,1
2/23/2020,21900847,Final,1610612744,1610612740,2019,1610612744,101,0.435,0.667,0.314,28,48,1610612740,115,0.469,0.462,0.405,34,52,0
2/23/2020,21900848,Final,1610612757,1610612765,2019,1610612757,107,0.488,0.632,0.433,20,41,1610612765,104,0.43,0.95,0.314,18,44,1
2/22/2020,21900835,Final,1610612746,1610612758,2019,1610612746,103,0.391,0.862,0.333,20,47,1610612758,112,0.449,0.769,0.387,25,48,0
2/22/2020,21900836,Final,1610612766,1610612751,2019,1610612766,86,0.352,0.571,0.343,22,45,1610612751,115,0.483,0.737,0.362,26,54,0
2/22/2020,21900837,Final,1610612737,1610612742,2019,1610612737,111,0.439,0.654,0.216,27,53,1610612742,107,0.449,0.684,0.318,23,48,1
2/22/2020,21900838,Final,1610612748,1610612739,2019,1610612748,124,0.57,0.75,0.475,34,29,1610612739,105,0.481,0.727,0.361,29,40,1
2/22/2020,21900839,Final,1610612741,1610612756,2019,1610612741,104,0.434,0.857,0.368,18,38,1610612756,112,0.442,0.839,0.333,26,47,0
2/22/2020,21900840,Final,1610612749,1610612755,2019,1610612749,119,0.527,0.692,0.341,35,57,1610612755,98,0.354,0.833,0.342,17,43,1
2/22/2020,21900841,Final,1610612762,1610612745,2019,1610612762,110,0.467,0.792,0.226,18,46,1610612745,120,0.489,0.714,0.417,20,42,0
2/21/2020,21900826,Final,1610612753,1610612742,2019,1610612753,106,0.394,0.789,0.209,21,48,1610612742,122,0.512,0.808,0.395,26,50,0
2/21/2020,21900827,Final,1610612764,1610612739,2019,1610612764,108,0.387,0.739,0.243,24,47,1610612739,113,0.531,0.64,0.407,19,47,0
2/21/2020,21900828,Final,1610612752,1610612754,2019,1610612752,98,0.432,0.68,0.44,21,40,1610612754,106,0.409,0.788,0.286,20,50,0
2/21/2020,21900829,Final,1610612761,1610612756,2019,1610612761,118,0.525,0.909,0.378,24,48,1610612756,101,0.413,0.826,0.176,29,34,1
2/21/2020,21900830,Final,1610612750,1610612738,2019,1610612750,117,0.404,0.857,0.357,23,43,1610612738,127,0.463,0.784,0.345,21,58,0
2/21/2020,21900831,Final,1610612760,1610612743,2019,1610612760,113,0.46,0.889,0.346,19,44,1610612743,101,0.481,0.913,0.222,19,39,1
2/21/2020,21900832,Final,1610612762,1610612759,2019,1610612762,104,0.427,0.846,0.364,25,47,1610612759,113,0.44,0.885,0.5,22,48,0
2/21/2020,21900833,Final,1610612747,1610612763,2019,1610612747,117,0.477,0.65,0.31,25,49,1610612763,105,0.457,0.516,0.333,22,50,1
2/21/2020,21900834,Final,1610612757,1610612740,2019,1610612757,115,0.457,0.76,0.37,20,46,1610612740,128,0.536,0.606,0.529,36,46,0
2/20/2020,21900820,Final,1610612765,1610612749,2019,1610612765,106,0.482,0.813,0.351,25,46,1610612749,126,0.505,0.815,0.303,24,41,0
2/20/2020,21900821,Final,1610612737,1610612748,2019,1610612737,129,0.482,0.886,0.457,22,41,1610612748,124,0.408,0.868,0.297,28,51,1
2/20/2020,21900822,Final,1610612755,1610612751,2019,1610612755,112,0.442,0.914,0.182,19,48,1610612751,104,0.353,0.786,0.294,22,49,1
2/20/2020,21900823,Final,1610612741,1610612766,2019,1610612741,93,0.425,0.632,0.226,24,38,1610612766,103,0.473,0.862,0.286,22,44,0
2/20/2020,21900824,Final,1610612758,1610612763,2019,1610612758,129,0.506,0.722,0.487,22,27,1610612763,125,0.506,0.844,0.4,25,51,1
2/20/2020,21900825,Final,1610612744,1610612745,2019,1610612744,105,0.494,0.833,0.212,26,40,1610612745,135,0.529,0.909,0.51,31,36,0
2/13/2020,21900818,Final,1610612738,1610612746,2019,1610612738,141,0.437,0.825,0.419,22,51,1610612746,133,0.418,0.811,0.314,19,55,1
2/13/2020,21900819,Final,1610612740,1610612760,2019,1610612740,118,0.488,0.741,0.4,31,46,1610612760,123,0.5,0.818,0.481,28,40,0
2/12/2020,21900807,Final,1610612739,1610612737,2019,1610612739,127,0.511,0.84,0.357,25,55,1610612737,105,0.429,0.8,0.382,24,38,1
2/12/2020,21900808,Final,1610612753,1610612765,2019,1610612753,116,0.458,0.889,0.333,34,46,1610612765,112,0.435,0.933,0.4,28,47,1
2/12/2020,21900809,Final,1610612751,1610612761,2019,1610612751,101,0.409,0.8,0.257,27,55,1610612761,91,0.378,0.769,0.302,21,42,1
2/12/2020,21900810,Final,1610612754,1610612749,2019,1610612754,118,0.523,0.792,0.333,28,44,1610612749,111,0.407,0.96,0.351,18,44,1
2/12/2020,21900811,Final,1610612752,1610612764,2019,1610612752,96,0.409,0.724,0.13,19,52,1610612764,114,0.476,0.727,0.357,25,40,0
2/12/2020,21900812,Final,1610612763,1610612757,2019,1610612763,111,0.474,0.682,0.261,26,57,1610612757,104,0.371,0.792,0.351,21,51,1
2/12/2020,21900813,Final,1610612750,1610612766,2019,1610612750,108,0.386,0.8,0.286,25,48,1610612766,115,0.467,0.652,0.412,22,52,0
2/12/2020,21900814,Final,1610612742,1610612758,2019,1610612742,130,0.565,0.81,0.425,34,47,1610612758,111,0.414,0.773,0.308,26,40,1
2/12/2020,21900815,Final,1610612756,1610612744,2019,1610612756,112,0.462,0.933,0.378,25,40,1610612744,106,0.506,0.895,0.355,27,38,1
2/12/2020,21900816,Final,1610612762,1610612748,2019,1610612762,116,0.482,0.87,0.389,23,53,1610612748,101,0.432,0.75,0.333,19,37,1
2/12/2020,21900817,Final,1610612743,1610612747,2019,1610612743,116,0.5,0.773,0.44,32,42,1610612747,120,0.505,0.519,0.364,29,49,0
2/11/2020,21900802,Final,1610612755,1610612746,2019,1610612755,110,0.463,0.667,0.296,25,50,1610612746,103,0.444,0.692,0.452,25,42,1
2/11/2020,21900803,Final,1610612764,1610612741,2019,1610612764,126,0.539,0.792,0.344,28,44,1610612741,114,0.478,0.714,0.41,25,44,1
2/11/2020,21900804,Final,1610612740,1610612757,2019,1610612740,138,0.533,0.813,0.412,40,50,1610612757,117,0.473,0.786,0.241,21,40,1
2/11/2020,21900805,Final,1610612760,1610612759,2019,1610612760,106,0.459,0.81,0.355,19,35,1610612759,114,0.488,0.926,0.28,20,46,0
2/11/2020,21900806,Final,1610612745,1610612738,2019,1610612745,116,0.429,0.881,0.289,17,45,1610612738,105,0.435,0.8,0.344,24,48,1
2/10/2020,21900793,Final,1610612765,1610612766,2019,1610612765,76,0.354,0.846,0.2,21,52,1610612766,87,0.375,0.857,0.25,19,45,0
2/10/2020,21900794,Final,1610612754,1610612751,2019,1610612754,105,0.489,0.727,0.233,28,40,1610612751,106,0.402,0.75,0.324,20,53,0
2/10/2020,21900795,Final,1610612753,1610612737,2019,1610612753,135,0.526,0.773,0.474,33,45,1610612737,126,0.534,0.941,0.432,33,31,1
2/10/2020,21900796,Final,1610612761,1610612750,2019,1610612761,137,0.573,0.783,0.515,29,41,1610612750,126,0.453,0.857,0.45,24,38,1
2/10/2020,21900797,Final,1610612749,1610612758,2019,1610612749,123,0.448,0.826,0.429,26,55,1610612758,111,0.416,0.722,0.326,23,49,1
2/10/2020,21900798,Final,1610612742,1610612762,2019,1610612742,119,0.47,0.839,0.349,24,26,1610612762,123,0.59,0.762,0.429,27,45,0
2/10/2020,21900799,Final,1610612743,1610612759,2019,1610612743,127,0.563,0.826,0.514,34,37,1610612759,120,0.482,0.88,0.5,33,36,1
2/10/2020,21900800,Final,1610612744,1610612748,2019,1610612744,101,0.39,0.882,0.324,23,40,1610612748,113,0.494,0.714,0.364,36,45,0
2/10/2020,21900801,Final,1610612747,1610612756,2019,1610612747,125,0.516,0.68,0.378,28,59,1610612756,100,0.421,0.806,0.355,26,29,1
2/9/2020,21900786,Final,1610612760,1610612738,2019,1610612760,111,0.453,0.759,0.407,14,44,1610612738,112,0.452,0.741,0.444,19,53,0
2/9/2020,21900787,Final,1610612737,1610612752,2019,1610612737,140,0.454,0.903,0.35,29,50,1610612752,135,0.473,0.72,0.382,30,56,1
2/9/2020,21900788,Final,1610612755,1610612741,2019,1610612755,118,0.5,0.719,0.407,29,44,1610612741,111,0.489,0.765,0.375,23,42,1
2/9/2020,21900789,Final,1610612764,1610612763,2019,1610612764,99,0.35,0.759,0.212,25,50,1610612763,106,0.422,0.6,0.156,19,62,0
2/9/2020,21900790,Final,1610612745,1610612762,2019,1610612745,113,0.463,0.714,0.357,20,36,1610612762,114,0.488,0.833,0.395,25,48,0
2/9/2020,21900791,Final,1610612739,1610612746,2019,1610612739,92,0.368,0.682,0.212,22,45,1610612746,133,0.57,0.75,0.333,28,52,0
2/9/2020,21900792,Final,1610612757,1610612748,2019,1610612757,115,0.471,0.727,0.452,20,43,1610612748,109,0.398,0.786,0.408,31,49,1
2/8/2020,21900777,Final,1610612753,1610612749,2019,1610612753,95,0.378,0.786,0.25,28,46,1610612749,111,0.452,0.75,0.385,26,62,0
2/8/2020,21900778,Final,1610612766,1610612742,2019,1610612766,100,0.437,0.722,0.306,15,39,1610612742,116,0.506,1,0.486,29,46,0
2/8/2020,21900779,Final,1610612765,1610612752,2019,1610612765,92,0.493,0.688,0.448,21,28,1610612752,95,0.447,0.647,0.364,24,47,0
2/8/2020,21900780,Final,1610612754,1610612740,2019,1610612754,117,0.53,0.741,0.346,25,37,1610612740,124,0.463,0.84,0.395,27,53,0
2/8/2020,21900781,Final,1610612761,1610612751,2019,1610612761,119,0.474,0.714,0.4,22,48,1610612751,118,0.446,0.833,0.364,27,46,1
2/8/2020,21900782,Final,1610612750,1610612746,2019,1610612750,142,0.547,0.667,0.591,39,46,1610612746,115,0.477,0.828,0.346,24,43,1
2/8/2020,21900783,Final,1610612744,1610612747,2019,1610612744,120,0.517,0.652,0.406,31,33,1610612747,125,0.524,0.735,0.483,29,47,0
2/8/2020,21900784,Final,1610612756,1610612743,2019,1610612756,108,0.437,1,0.281,25,41,1610612743,117,0.549,0.762,0.393,23,40,0
2/8/2020,21900785,Final,1610612758,1610612759,2019,1610612758,122,0.523,0.65,0.543,25,39,1610612759,102,0.506,0.722,0.292,23,41,1
2/7/2020,21900769,Final,1610612755,1610612763,2019,1610612755,119,0.533,0.6,0.56,34,50,1610612763,107,0.409,0.839,0.238,25,40,1
2/7/2020,21900770,Final,1610612764,1610612742,2019,1610612764,119,0.5,0.769,0.5,28,39,1610612742,118,0.462,0.857,0.4,27,49,1
2/7/2020,21900771,Final,1610612738,1610612737,2019,1610612738,112,0.43,0.815,0.432,23,47,1610612737,107,0.407,0.923,0.333,21,46,1
2/7/2020,21900772,Final,1610612754,1610612761,2019,1610612754,106,0.453,0.818,0.294,26,47,1610612761,115,0.477,0.824,0.447,28,39,0
2/7/2020,21900773,Final,1610612760,1610612765,2019,1610612760,108,0.513,0.833,0.217,21,42,1610612765,101,0.427,0.737,0.289,19,37,1
2/7/2020,21900774,Final,1610612756,1610612745,2019,1610612756,127,0.558,0.963,0.484,29,51,1610612745,91,0.341,0.846,0.229,16,29,1
2/7/2020,21900775,Final,1610612758,1610612748,2019,1610612758,105,0.488,0.5,0.432,29,36,1610612748,97,0.442,0.68,0.3,21,42,1
2/7/2020,21900776,Final,1610612762,1610612757,2019,1610612762,117,0.495,0.708,0.333,21,56,1610612757,114,0.454,0.643,0.425,14,43,1
2/6/2020,21900764,Final,1610612752,1610612753,2019,1610612752,105,0.467,0.684,0.3,27,39,1610612753,103,0.453,0.867,0.29,22,39,1
2/6/2020,21900765,Final,1610612741,1610612740,2019,1610612741,119,0.495,0.609,0.448,25,40,1610612740,125,0.563,0.579,0.421,38,45,0
2/6/2020,21900766,Final,1610612749,1610612755,2019,1610612749,112,0.468,0.667,0.324,19,60,1610612755,101,0.374,0.571,0.422,24,50,1
2/6/2020,21900767,Final,1610612757,1610612759,2019,1610612757,125,0.533,0.75,0.486,28,50,1610612759,117,0.446,0.893,0.357,25,39,1
2/6/2020,21900768,Final,1610612747,1610612745,2019,1610612747,111,0.495,0.75,0.29,33,38,1610612745,121,0.506,0.889,0.452,20,37,0
2/5/2020,21900755,Final,1610612765,1610612756,2019,1610612765,116,0.484,0.75,0.429,31,42,1610612756,108,0.545,0.8,0.462,29,37,1
2/5/2020,21900756,Final,1610612738,1610612753,2019,1610612738,116,0.535,0.688,0.565,23,41,1610612753,100,0.427,0.767,0.419,20,39,1
2/5/2020,21900757,Final,1610612751,1610612744,2019,1610612751,129,0.51,0.867,0.412,29,65,1610612744,88,0.365,0.722,0.128,20,34,1
2/5/2020,21900758,Final,1610612761,1610612754,2019,1610612761,119,0.5,0.875,0.375,27,37,1610612754,118,0.524,0.813,0.487,29,42,1
2/5/2020,21900759,Final,1610612750,1610612737,2019,1610612750,120,0.495,0.75,0.257,18,33,1610612737,127,0.524,0.933,0.406,23,44,0
2/5/2020,21900760,Final,1610612760,1610612739,2019,1610612760,109,0.469,0.8,0.346,21,40,1610612739,103,0.461,0.545,0.395,31,45,1
2/5/2020,21900761,Final,1610612742,1610612763,2019,1610612742,107,0.362,0.917,0.395,19,42,1610612763,121,0.528,0.75,0.48,27,52,0
2/5/2020,21900762,Final,1610612762,1610612743,2019,1610612762,95,0.419,0.643,0.359,20,46,1610612743,98,0.433,0.722,0.233,23,52,0
2/5/2020,21900763,Final,1610612746,1610612748,2019,1610612746,128,0.506,0.737,0.444,35,51,1610612748,111,0.43,0.714,0.381,29,46,1
2/4/2020,21900751,Final,1610612740,1610612749,2019,1610612740,108,0.384,0.75,0.286,26,49,1610612749,120,0.471,0.765,0.306,34,53,0
2/4/2020,21900752,Final,1610612745,1610612766,2019,1610612745,125,0.443,0.826,0.333,25,41,1610612766,110,0.47,0.792,0.394,22,53,1
2/4/2020,21900753,Final,1610612743,1610612757,2019,1610612743,127,0.511,0.72,0.5,30,50,1610612757,99,0.396,0.818,0.29,16,36,1
2/4/2020,21900754,Final,1610612747,1610612759,2019,1610612747,129,0.588,0.68,0.429,28,58,1610612759,102,0.44,0.6,0.481,21,28,1
2/3/2020,21900741,Final,1610612766,1610612753,2019,1610612766,100,0.461,0.643,0.29,24,46,1610612753,112,0.538,0.588,0.471,35,37,0
2/3/2020,21900742,Final,1610612739,1610612752,2019,1610612739,134,0.565,0.667,0.514,34,34,1610612752,139,0.559,0.714,0.385,33,46,0
2/3/2020,21900743,Final,1610612754,1610612742,2019,1610612754,103,0.458,0.727,0.206,28,40,1610612742,112,0.419,0.957,0.4,20,51,0
2/3/2020,21900744,Final,1610612764,1610612744,2019,1610612764,117,0.506,0.828,0.409,28,35,1610612744,125,0.494,0.774,0.5,31,44,0
2/3/2020,21900745,Final,1610612737,1610612738,2019,1610612737,115,0.5,0.905,0.4,22,32,1610612738,123,0.533,0.882,0.414,21,44,0
2/3/2020,21900746,Final,1610612751,1610612756,2019,1610612751,119,0.483,0.857,0.441,28,44,1610612756,97,0.433,0.722,0.353,23,43,1
2/3/2020,21900747,Final,1610612748,1610612755,2019,1610612748,137,0.565,0.833,0.5,27,35,1610612755,106,0.434,0.84,0.342,24,44,1
2/3/2020,21900748,Final,1610612763,1610612765,2019,1610612763,96,0.467,0.833,0.118,27,47,1610612765,82,0.347,0.667,0.308,21,51,1
2/3/2020,21900749,Final,1610612758,1610612750,2019,1610612758,113,0.507,0.742,0.519,26,34,1610612750,109,0.435,0.786,0.342,25,45,1
2/3/2020,21900750,Final,1610612746,1610612759,2019,1610612746,108,0.464,0.792,0.407,28,51,1610612759,105,0.421,0.813,0.324,21,46,1
2/2/2020,21900737,Final,1610612765,1610612743,2019,1610612765,128,0.511,0.75,0.452,33,43,1610612743,123,0.5,0.773,0.313,30,47,1
2/2/2020,21900738,Final,1610612745,1610612740,2019,1610612745,117,0.39,0.864,0.314,22,43,1610612740,109,0.447,0.75,0.303,21,63,1
2/2/2020,21900739,Final,1610612749,1610612756,2019,1610612749,129,0.495,0.667,0.395,30,60,1610612756,108,0.394,0.87,0.261,20,49,1
2/2/2020,21900740,Final,1610612761,1610612741,2019,1610612761,129,0.56,0.826,0.471,28,46,1610612741,102,0.389,0.654,0.313,25,41,1
2/1/2020,21900727,Final,1610612746,1610612750,2019,1610612746,118,0.459,0.889,0.353,20,50,1610612750,106,0.405,0.838,0.179,24,44,1
2/1/2020,21900728,Final,1610612754,1610612752,2019,1610612754,85,0.421,0.619,0.333,21,34,1610612752,92,0.415,0.739,0.269,19,57,0
2/1/2020,21900729,Final,1610612753,1610612748,2019,1610612753,89,0.398,0.824,0.273,21,39,1610612748,102,0.429,0.808,0.455,24,48,0
2/1/2020,21900730,Final,1610612739,1610612744,2019,1610612739,112,0.432,1,0.364,26,46,1610612744,131,0.533,0.895,0.514,39,44,0
2/1/2020,21900731,Final,1610612764,1610612751,2019,1610612764,113,0.44,0.615,0.281,21,51,1610612751,107,0.415,0.619,0.34,25,53,1
2/1/2020,21900732,Final,1610612738,1610612755,2019,1610612738,116,0.475,0.78,0.267,15,42,1610612755,95,0.369,0.839,0.212,15,47,1
2/1/2020,21900733,Final,1610612742,1610612737,2019,1610612742,123,0.468,0.938,0.513,26,53,1610612737,100,0.407,0.762,0.303,19,50,1
2/1/2020,21900734,Final,1610612759,1610612766,2019,1610612759,114,0.517,0.667,0.357,27,44,1610612766,90,0.422,0.833,0.278,29,37,1
2/1/2020,21900736,Final,1610612758,1610612747,2019,1610612758,113,0.429,0.808,0.318,21,44,1610612747,129,0.512,0.815,0.442,33,46,0
2/1/2020,21900735,Final,1610612757,1610612762,2019,1610612757,124,0.511,0.833,0.517,20,51,1610612762,107,0.426,1,0.439,19,37,1
1/31/2020,21900720,Final,1610612765,1610612761,2019,1610612765,92,0.354,0.735,0.306,18,45,1610612761,105,0.518,0.727,0.333,26,42,0
1/31/2020,21900721,Final,1610612751,1610612741,2019,1610612751,133,0.625,0.72,0.484,31,37,1610612741,118,0.488,0.846,0.353,27,38,1
1/31/2020,21900722,Final,1610612745,1610612742,2019,1610612745,128,0.459,0.85,0.467,25,37,1610612742,121,0.478,0.778,0.389,29,52,1
1/31/2020,21900723,Final,1610612740,1610612763,2019,1610612740,139,0.537,0.846,0.441,30,57,1610612763,111,0.469,0.577,0.194,17,34,1
1/31/2020,21900724,Final,1610612749,1610612743,2019,1610612749,115,0.453,0.654,0.3,29,46,1610612743,127,0.48,1,0.478,29,50,0
1/31/2020,21900725,Final,1610612756,1610612760,2019,1610612756,107,0.474,0.897,0.375,20,40,1610612760,111,0.433,0.909,0.226,26,41,0
1/31/2020,21900726,Final,1610612747,1610612757,2019,1610612747,119,0.469,0.643,0.344,28,62,1610612757,127,0.505,0.762,0.361,25,40,0
1/30/2020,21900714,Final,1610612739,1610612761,2019,1610612739,109,0.467,0.857,0.361,23,52,1610612761,115,0.488,0.75,0.375,23,37,0
1/30/2020,21900715,Final,1610612764,1610612766,2019,1610612764,121,0.477,0.926,0.378,24,57,1610612766,107,0.434,0.632,0.3,32,38,1
1/30/2020,21900716,Final,1610612737,1610612755,2019,1610612737,127,0.483,0.865,0.314,29,48,1610612755,117,0.463,0.711,0.29,22,42,1
1/30/2020,21900717,Final,1610612738,1610612744,2019,1610612738,119,0.477,0.909,0.429,27,51,1610612744,104,0.429,0.867,0.308,24,30,1
1/30/2020,21900718,Final,1610612743,1610612762,2019,1610612743,106,0.471,0.81,0.333,25,43,1610612762,100,0.462,0.647,0.459,24,35,1
1/30/2020,21900719,Final,1610612746,1610612758,2019,1610612746,103,0.38,0.8,0.419,26,39,1610612758,124,0.5,0.833,0.512,27,47,0
1/29/2020,21900708,Final,1610612754,1610612741,2019,1610612754,115,0.517,0.727,0.259,26,46,1610612741,106,0.529,0.667,0.182,26,34,1
1/29/2020,21900709,Final,1610612751,1610612765,2019,1610612751,125,0.506,0.8,0.385,26,37,1610612765,115,0.506,0.75,0.385,25,41,1
1/29/2020,21900710,Final,1610612752,1610612763,2019,1610612752,106,0.429,0.655,0.321,26,46,1610612763,127,0.5,0.848,0.464,25,44,0
1/29/2020,21900711,Final,1610612759,1610612762,2019,1610612759,127,0.561,0.9,0.258,23,35,1610612762,120,0.44,0.696,0.368,18,43,1
1/29/2020,21900712,Final,1610612757,1610612745,2019,1610612757,125,0.517,0.741,0.361,24,50,1610612745,112,0.426,0.833,0.362,21,39,1
1/29/2020,21900713,Final,1610612758,1610612760,2019,1610612758,100,0.462,0.636,0.231,22,39,1610612760,120,0.5,0.85,0.441,32,45,0
1/28/2020,21900699,Final,1610612766,1610612752,2019,1610612766,97,0.386,0.778,0.25,22,51,1610612752,92,0.442,0.636,0.281,17,41,1
1/28/2020,21900702,Final,1610612755,1610612744,2019,1610612755,115,0.512,0.769,0.344,28,44,1610612744,104,0.425,0.714,0.375,29,40,1
1/28/2020,21900700,Final,1610612739,1610612740,2019,1610612739,111,0.438,0.889,0.324,25,46,1610612740,125,0.534,0.75,0.382,29,40,0
1/28/2020,21900703,Final,1610612761,1610612737,2019,1610612761,130,0.495,0.778,0.302,26,52,1610612737,114,0.446,0.8,0.255,28,44,1
1/28/2020,21900701,Final,1610612748,1610612738,2019,1610612748,101,0.371,0.839,0.243,15,45,1610612738,109,0.47,0.75,0.361,24,48,0
1/28/2020,21900704,Final,1610612763,1610612743,2019,1610612763,104,0.561,0.429,0.333,32,41,1610612743,96,0.372,0.833,0.378,23,44,1
1/28/2020,21900705,Final,1610612749,1610612764,2019,1610612749,151,0.556,0.914,0.514,31,46,1610612764,131,0.468,0.853,0.438,28,35,1
1/28/2020,21900706,Final,1610612742,1610612756,2019,1610612742,104,0.446,0.852,0.212,19,33,1610612756,133,0.593,0.905,0.429,34,39,0
1/27/2020,21900693,Final,1610612765,1610612739,2019,1610612765,100,0.452,0.706,0.343,18,37,1610612739,115,0.5,0.769,0.375,25,45,0
1/27/2020,21900694,Final,1610612748,1610612753,2019,1610612748,113,0.532,0.938,0.5,31,41,1610612753,92,0.371,0.789,0.297,23,41,1
1/27/2020,21900695,Final,1610612741,1610612759,2019,1610612741,110,0.452,0.8,0.378,28,50,1610612759,109,0.463,0.676,0.4,21,47,1
1/27/2020,21900696,Final,1610612750,1610612758,2019,1610612750,129,0.483,0.606,0.5,29,45,1610612758,133,0.5,0.794,0.45,27,44,0
1/27/2020,21900697,Final,1610612760,1610612742,2019,1610612760,97,0.395,0.895,0.4,23,48,1610612742,107,0.414,0.667,0.373,21,56,0
1/27/2020,21900698,Final,1610612762,1610612745,2019,1610612762,117,0.506,0.731,0.286,24,38,1610612745,126,0.469,0.714,0.375,14,40,0
1/26/2020,21900685,Final,1610612743,1610612745,2019,1610612743,117,0.473,0.9,0.393,28,42,1610612745,110,0.455,0.704,0.333,19,44,1
1/26/2020,21900686,Final,1610612759,1610612761,2019,1610612759,106,0.415,0.917,0.432,27,48,1610612761,110,0.414,0.8,0.32,31,50,0
1/26/2020,21900687,Final,1610612737,1610612764,2019,1610612737,152,0.581,0.853,0.429,30,48,1610612764,133,0.477,0.905,0.333,20,34,1
1/26/2020,21900688,Final,1610612752,1610612751,2019,1610612752,110,0.533,0.462,0.316,19,48,1610612751,97,0.42,0.696,0.333,21,34,1
1/26/2020,21900689,Final,1610612753,1610612746,2019,1610612753,97,0.358,0.688,0.219,27,44,1610612746,112,0.468,0.862,0.433,20,53,0
1/26/2020,21900690,Final,1610612763,1610612756,2019,1610612763,114,0.524,0.692,0.421,25,46,1610612756,109,0.38,0.8,0.379,23,42,1
1/26/2020,21900691,Final,1610612740,1610612738,2019,1610612740,123,0.478,0.655,0.444,31,54,1610612738,108,0.461,0.818,0.242,21,37,1
1/26/2020,21900692,Final,1610612757,1610612754,2019,1610612757,139,0.544,0.84,0.571,27,43,1610612754,129,0.516,0.952,0.464,31,31,1
1/25/2020,21900680,Final,1610612762,1610612742,2019,1610612762,112,0.44,0.773,0.349,22,54,1610612742,107,0.433,0.538,0.39,19,44,1
1/25/2020,21900681,Final,1610612765,1610612751,2019,1610612765,111,0.413,0.667,0.371,20,52,1610612751,121,0.447,0.88,0.357,19,55,0
1/25/2020,21900682,Final,1610612739,1610612741,2019,1610612739,106,0.5,0.818,0.433,30,43,1610612741,118,0.518,0.75,0.364,24,36,0
1/25/2020,21900683,Final,1610612750,1610612760,2019,1610612750,104,0.444,0.667,0.279,33,41,1610612760,113,0.488,0.96,0.458,20,43,0
1/25/2020,21900684,Final,1610612755,1610612747,2019,1610612755,108,0.526,0.684,0.351,19,41,1610612747,91,0.461,0.652,0.194,23,35,1
1/24/2020,21900669,Final,1610612766,1610612749,2019,1610612766,103,0.372,0.833,0.359,24,39,1610612749,116,0.506,0.75,0.278,26,53,0
1/24/2020,21900670,Final,1610612765,1610612763,2019,1610612765,112,0.429,0.742,0.344,23,37,1610612763,125,0.544,0.903,0.5,27,49,0
1/24/2020,21900671,Final,1610612753,1610612738,2019,1610612753,98,0.4,0.737,0.324,18,46,1610612738,109,0.465,0.833,0.4,27,44,0
1/24/2020,21900672,Final,1610612752,1610612761,2019,1610612752,112,0.494,0.714,0.361,26,46,1610612761,118,0.506,0.826,0.486,25,31,0
1/24/2020,21900673,Final,1610612748,1610612746,2019,1610612748,117,0.43,0.828,0.295,25,45,1610612746,122,0.457,0.87,0.457,33,48,0
1/24/2020,21900674,Final,1610612741,1610612758,2019,1610612741,81,0.392,0.786,0.216,23,43,1610612758,98,0.432,0.857,0.313,24,42,0
1/24/2020,21900675,Final,1610612750,1610612745,2019,1610612750,124,0.49,0.85,0.344,28,51,1610612745,131,0.516,0.839,0.344,24,35,0
1/24/2020,21900676,Final,1610612740,1610612743,2019,1610612740,106,0.463,0.6,0.444,24,45,1610612743,113,0.377,1,0.317,26,56,0
1/24/2020,21900677,Final,1610612760,1610612737,2019,1610612760,140,0.581,0.765,0.56,28,45,1610612737,111,0.457,0.8,0.306,24,37,1
1/24/2020,21900678,Final,1610612759,1610612756,2019,1610612759,99,0.423,0.848,0.2,19,43,1610612756,103,0.464,0.81,0.276,25,42,0
1/24/2020,21900679,Final,1610612744,1610612754,2019,1610612744,118,0.488,0.826,0.487,31,38,1610612754,129,0.575,0.923,0.607,35,36,0
1/23/2020,21900666,Final,1610612739,1610612764,2019,1610612739,112,0.458,0.765,0.333,24,36,1610612764,124,0.553,0.778,0.444,28,41,0
1/23/2020,21900667,Final,1610612751,1610612747,2019,1610612751,113,0.44,0.8,0.457,30,41,1610612747,128,0.5,0.75,0.5,28,52,0
1/23/2020,21900668,Final,1610612757,1610612742,2019,1610612757,125,0.505,0.8,0.538,20,43,1610612742,133,0.516,0.625,0.468,27,41,0
1/22/2020,21900654,Final,1610612765,1610612758,2019,1610612765,127,0.534,0.841,0.414,19,48,1610612758,106,0.429,0.522,0.286,23,45,1
1/22/2020,21900655,Final,1610612753,1610612760,2019,1610612753,114,0.478,0.75,0.4,26,39,1610612760,120,0.605,0.826,0.474,22,36,0
1/22/2020,21900660,Final,1610612761,1610612755,2019,1610612761,107,0.465,0.667,0.394,27,53,1610612755,95,0.381,0.722,0.391,25,45,1
1/22/2020,21900656,Final,1610612737,1610612746,2019,1610612737,102,0.353,0.826,0.314,21,63,1610612746,95,0.423,0.641,0.19,19,45,1
1/22/2020,21900657,Final,1610612738,1610612763,2019,1610612738,119,0.506,0.75,0.438,32,44,1610612763,95,0.424,0.8,0.344,24,40,1
1/22/2020,21900658,Final,1610612748,1610612764,2019,1610612748,134,0.506,0.861,0.515,29,43,1610612764,129,0.505,0.8,0.31,30,41,1
1/22/2020,21900659,Final,1610612752,1610612747,2019,1610612752,92,0.409,0.692,0.324,24,47,1610612747,100,0.439,0.679,0.333,18,43,0
1/22/2020,21900661,Final,1610612741,1610612750,2019,1610612741,117,0.464,0.811,0.3,21,50,1610612750,110,0.477,0.542,0.341,27,43,1
1/22/2020,21900662,Final,1610612745,1610612743,2019,1610612745,121,0.472,0.857,0.448,26,53,1610612743,105,0.457,0.733,0.357,25,40,1
1/22/2020,21900664,Final,1610612756,1610612754,2019,1610612756,87,0.357,0.885,0.2,13,44,1610612754,112,0.536,0.65,0.45,26,42,0
1/22/2020,21900663,Final,1610612740,1610612759,2019,1610612740,117,0.464,0.781,0.389,26,41,1610612759,121,0.506,0.8,0.407,17,44,0
1/22/2020,21900665,Final,1610612744,1610612762,2019,1610612744,96,0.398,0.833,0.261,20,37,1610612762,129,0.538,0.522,0.425,31,56,0
1/21/2020,21900653,Final,1610612742,1610612746,2019,1610612742,107,0.429,0.708,0.279,23,49,1610612746,110,0.371,0.788,0.316,19,57,0
1/20/2020,21900639,Final,1610612764,1610612765,2019,1610612764,106,0.512,0.813,0.375,22,44,1610612765,100,0.427,0.7,0.313,19,41,1
1/20/2020,21900640,Final,1610612737,1610612761,2019,1610612737,117,0.494,0.697,0.364,26,50,1610612761,122,0.413,0.767,0.31,25,45,0
1/20/2020,21900641,Final,1610612751,1610612755,2019,1610612751,111,0.481,0.647,0.379,22,47,1610612755,117,0.447,0.741,0.333,30,43,0
1/20/2020,21900642,Final,1610612766,1610612753,2019,1610612766,83,0.382,0.75,0.303,21,39,1610612753,106,0.478,0.444,0.5,25,47,0
1/20/2020,21900643,Final,1610612739,1610612752,2019,1610612739,86,0.34,0.647,0.333,15,53,1610612752,106,0.482,0.882,0.391,17,49,0
1/20/2020,21900644,Final,1610612748,1610612758,2019,1610612748,118,0.506,0.818,0.381,26,42,1610612758,113,0.415,0.8,0.255,27,49,1
1/20/2020,21900645,Final,1610612745,1610612760,2019,1610612745,107,0.443,0.706,0.2,21,43,1610612760,112,0.435,0.769,0.375,14,47,0
1/20/2020,21900646,Final,1610612763,1610612740,2019,1610612763,116,0.447,0.714,0.273,26,51,1610612740,126,0.477,0.875,0.438,24,43,0
1/20/2020,21900647,Final,1610612749,1610612741,2019,1610612749,111,0.584,0.435,0.423,34,48,1610612741,98,0.37,0.889,0.292,18,39,1
1/20/2020,21900648,Final,1610612738,1610612747,2019,1610612738,139,0.559,0.655,0.471,31,48,1610612747,107,0.438,0.759,0.269,22,36,1
1/20/2020,21900649,Final,1610612750,1610612743,2019,1610612750,100,0.418,0.786,0.31,26,42,1610612743,107,0.478,0.833,0.355,26,53,0
1/20/2020,21900650,Final,1610612756,1610612759,2019,1610612756,118,0.525,0.867,0.364,26,43,1610612759,120,0.494,0.773,0.548,30,31,0
1/20/2020,21900651,Final,1610612762,1610612754,2019,1610612762,118,0.54,1,0.387,22,53,1610612754,88,0.419,0.429,0.269,23,30,1
1/20/2020,21900652,Final,1610612757,1610612744,2019,1610612757,129,0.44,0.9,0.318,21,54,1610612744,124,0.414,0.864,0.25,30,60,1
1/19/2020,21900637,Final,1610612759,1610612748,2019,1610612759,107,0.424,0.958,0.364,27,43,1610612748,102,0.43,0.9,0.294,23,47,1
1/19/2020,21900638,Final,1610612743,1610612754,2019,1610612743,107,0.466,0.688,0.13,22,44,1610612754,115,0.5,0.842,0.448,31,38,0
1/18/2020,21900626,Final,1610612740,1610612746,2019,1610612740,130,0.535,0.639,0.366,32,48,1610612746,133,0.495,0.795,0.323,22,36,0
1/18/2020,21900627,Final,1610612751,1610612749,2019,1610612751,97,0.333,0.941,0.306,23,47,1610612749,117,0.506,0.625,0.459,30,54,0
1/18/2020,21900628,Final,1610612738,1610612756,2019,1610612738,119,0.438,0.909,0.357,26,39,1610612756,123,0.472,0.867,0.419,27,52,0
1/18/2020,21900629,Final,1610612737,1610612765,2019,1610612737,103,0.43,0.867,0.294,18,32,1610612765,136,0.593,0.76,0.469,31,41,0
1/18/2020,21900630,Final,1610612752,1610612755,2019,1610612752,87,0.398,0.611,0.24,20,48,1610612755,90,0.436,0.632,0.313,26,41,0
1/18/2020,21900631,Final,1610612741,1610612739,2019,1610612741,118,0.552,0.765,0.36,25,26,1610612739,116,0.548,0.913,0.517,27,36,1
1/18/2020,21900632,Final,1610612750,1610612761,2019,1610612750,112,0.404,0.815,0.28,34,49,1610612761,122,0.516,0.882,0.371,25,42,0
1/18/2020,21900633,Final,1610612745,1610612747,2019,1610612745,115,0.444,0.793,0.324,20,46,1610612747,124,0.484,0.719,0.333,25,49,0
1/18/2020,21900634,Final,1610612744,1610612753,2019,1610612744,109,0.457,1,0.3,25,44,1610612753,95,0.453,0.615,0.29,21,46,1
1/18/2020,21900635,Final,1610612760,1610612757,2019,1610612760,119,0.518,0.722,0.318,25,48,1610612757,106,0.429,0.762,0.375,11,40,1
1/18/2020,21900636,Final,1610612762,1610612758,2019,1610612762,123,0.506,0.958,0.333,24,47,1610612758,101,0.488,0.583,0.385,20,37,1
1/17/2020,21900619,Final,1610612754,1610612750,2019,1610612754,116,0.561,0.8,0.333,24,41,1610612750,114,0.455,0.81,0.436,22,36,1
1/17/2020,21900620,Final,1610612755,1610612741,2019,1610612755,100,0.488,1,0.31,30,44,1610612741,89,0.432,0.733,0.229,21,37,1
1/17/2020,21900621,Final,1610612761,1610612764,2019,1610612761,140,0.571,0.875,0.512,35,41,1610612764,111,0.449,0.696,0.429,19,43,1
1/17/2020,21900622,Final,1610612763,1610612739,2019,1610612763,113,0.506,0.7,0.321,32,44,1610612739,109,0.446,0.692,0.25,18,50,1
1/17/2020,21900623,Final,1610612760,1610612748,2019,1610612760,108,0.44,0.889,0.391,29,35,1610612748,115,0.488,0.792,0.389,26,45,0
1/17/2020,21900624,Final,1610612759,1610612737,2019,1610612759,120,0.459,0.957,0.276,28,48,1610612737,121,0.5,0.741,0.475,21,43,0
1/17/2020,21900625,Final,1610612742,1610612757,2019,1610612742,120,0.438,0.786,0.426,19,43,1610612757,112,0.518,0.682,0.3,25,40,1
1/16/2020,21900614,Final,1610612752,1610612756,2019,1610612752,98,0.411,0.667,0.308,21,40,1610612756,121,0.511,0.833,0.4,31,53,0
1/16/2020,21900615,Final,1610612749,1610612738,2019,1610612749,128,0.494,0.703,0.516,21,50,1610612738,123,0.439,0.815,0.306,16,43,1
1/16/2020,21900616,Final,1610612740,1610612762,2019,1610612740,138,0.548,0.714,0.423,29,45,1610612762,132,0.46,0.781,0.385,23,43,1
1/16/2020,21900617,Final,1610612744,1610612743,2019,1610612744,131,0.442,0.871,0.444,36,42,1610612743,134,0.47,0.885,0.486,31,56,0
1/16/2020,21900618,Final,1610612746,1610612753,2019,1610612746,122,0.495,0.7,0.438,29,59,1610612753,95,0.391,0.563,0.333,24,42,1
1/15/2020,21900604,Final,1610612738,1610612765,2019,1610612738,103,0.494,0.6,0.321,21,44,1610612765,116,0.603,0.526,0.375,30,34,0
1/15/2020,21900605,Final,1610612755,1610612751,2019,1610612755,117,0.511,0.64,0.367,25,49,1610612751,106,0.437,0.6,0.48,20,44,1
1/15/2020,21900606,Final,1610612748,1610612759,2019,1610612748,106,0.466,0.538,0.425,26,49,1610612759,100,0.438,0.8,0.303,22,41,1
1/15/2020,21900607,Final,1610612741,1610612764,2019,1610612741,115,0.506,0.682,0.368,26,41,1610612764,106,0.468,0.808,0.407,25,38,1
1/15/2020,21900608,Final,1610612750,1610612754,2019,1610612750,99,0.432,0.75,0.393,26,45,1610612754,104,0.518,0.75,0.304,27,45,0
1/15/2020,21900609,Final,1610612760,1610612761,2019,1610612760,121,0.506,0.95,0.381,32,31,1610612761,130,0.612,0.733,0.556,33,36,0
1/15/2020,21900610,Final,1610612743,1610612766,2019,1610612743,100,0.481,0.6,0.321,28,40,1610612766,86,0.407,0.571,0.343,28,42,1
1/15/2020,21900611,Final,1610612745,1610612757,2019,1610612745,107,0.396,0.652,0.327,24,50,1610612757,117,0.432,0.828,0.306,22,58,0
1/15/2020,21900612,Final,1610612758,1610612742,2019,1610612758,123,0.521,0.55,0.364,28,42,1610612742,127,0.511,0.833,0.325,24,47,0
1/15/2020,21900613,Final,1610612747,1610612753,2019,1610612747,118,0.495,0.636,0.395,34,48,1610612753,119,0.457,0.793,0.385,22,48,0
1/14/2020,21900598,Final,1610612737,1610612756,2019,1610612737,123,0.495,0.85,0.452,25,46,1610612756,110,0.46,0.813,0.2,20,40,1
1/14/2020,21900599,Final,1610612751,1610612762,2019,1610612751,107,0.5,0.6,0.308,22,43,1610612762,118,0.5,0.867,0.361,19,41,0
1/14/2020,21900600,Final,1610612763,1610612745,2019,1610612763,121,0.505,0.842,0.351,29,42,1610612745,110,0.43,0.917,0.311,18,41,1
1/14/2020,21900601,Final,1610612749,1610612752,2019,1610612749,128,0.489,0.821,0.417,27,59,1610612752,102,0.353,0.731,0.297,26,49,1
1/14/2020,21900602,Final,1610612744,1610612742,2019,1610612744,97,0.448,0.769,0.281,27,36,1610612742,124,0.51,0.619,0.351,23,53,0
1/14/2020,21900603,Final,1610612746,1610612739,2019,1610612746,128,0.521,0.714,0.395,29,53,1610612739,103,0.418,0.867,0.378,25,40,1
1/13/2020,21900591,Final,1610612765,1610612740,2019,1610612765,110,0.404,0.792,0.344,27,43,1610612740,117,0.417,0.815,0.346,23,61,0
1/13/2020,21900592,Final,1610612754,1610612755,2019,1610612754,101,0.384,0.806,0.385,24,50,1610612755,95,0.416,0.789,0.182,17,52,1
1/13/2020,21900593,Final,1610612738,1610612741,2019,1610612738,113,0.47,0.897,0.391,28,43,1610612741,101,0.457,0.808,0.24,16,38,1
1/13/2020,21900594,Final,1610612750,1610612760,2019,1610612750,104,0.418,0.762,0.343,23,37,1610612760,117,0.5,0.885,0.4,25,51,0
1/13/2020,21900595,Final,1610612757,1610612766,2019,1610612757,115,0.506,0.789,0.432,26,47,1610612766,112,0.444,0.778,0.474,24,42,1
1/13/2020,21900596,Final,1610612758,1610612753,2019,1610612758,112,0.517,0.909,0.387,25,44,1610612753,114,0.435,0.833,0.31,17,46,0
1/13/2020,21900597,Final,1610612747,1610612739,2019,1610612747,128,0.545,0.75,0.367,33,45,1610612739,99,0.447,0.667,0.28,21,40,1
1/12/2020,21900584,Final,1610612752,1610612748,2019,1610612752,124,0.511,0.821,0.29,24,39,1610612748,121,0.538,0.821,0.4,24,39,1
1/12/2020,21900585,Final,1610612764,1610612762,2019,1610612764,116,0.505,0.882,0.318,28,37,1610612762,127,0.533,0.84,0.333,24,44,0
1/12/2020,21900586,Final,1610612751,1610612737,2019,1610612751,108,0.532,0.552,0.385,25,62,1610612737,86,0.33,0.909,0.25,23,33,1
1/12/2020,21900587,Final,1610612761,1610612759,2019,1610612761,104,0.406,0.818,0.354,30,45,1610612759,105,0.437,0.733,0.219,24,51,0
1/12/2020,21900588,Final,1610612763,1610612744,2019,1610612763,122,0.45,0.84,0.314,33,60,1610612744,102,0.38,0.714,0.5,23,47,1
1/12/2020,21900589,Final,1610612743,1610612746,2019,1610612743,114,0.481,0.784,0.44,24,44,1610612746,104,0.452,0.769,0.242,21,42,1
1/12/2020,21900590,Final,1610612756,1610612766,2019,1610612756,100,0.5,0.611,0.333,22,51,1610612766,92,0.419,0.667,0.229,25,37,1
1/11/2020,21900577,Final,1610612745,1610612750,2019,1610612745,139,0.516,0.793,0.4,29,58,1610612750,109,0.379,0.667,0.271,28,44,1
1/11/2020,21900578,Final,1610612738,1610612740,2019,1610612738,140,0.55,0.889,0.483,29,53,1610612740,105,0.4,0.611,0.311,29,43,1
1/11/2020,21900579,Final,1610612765,1610612741,2019,1610612765,99,0.462,0.667,0.321,22,42,1610612741,108,0.506,0.929,0.314,24,38,0
1/11/2020,21900580,Final,1610612760,1610612747,2019,1610612760,110,0.467,0.882,0.29,23,37,1610612747,125,0.515,0.8,0.469,21,54,0
1/11/2020,21900581,Final,1610612742,1610612755,2019,1610612742,109,0.506,0.667,0.407,22,54,1610612755,91,0.378,0.667,0.243,22,43,1
1/11/2020,21900582,Final,1610612743,1610612739,2019,1610612743,103,0.432,0.722,0.205,23,42,1610612739,111,0.494,0.846,0.324,22,55,0
1/11/2020,21900583,Final,1610612757,1610612749,2019,1610612757,101,0.389,0.81,0.278,17,48,1610612749,122,0.456,0.7,0.368,21,60,0
1/10/2020,21900567,Final,1610612764,1610612737,2019,1610612764,111,0.375,0.607,0.345,26,57,1610612737,101,0.461,0.5,0.241,19,56,1
1/10/2020,21900569,Final,1610612752,1610612740,2019,1610612752,111,0.46,0.7,0.185,26,46,1610612740,123,0.558,0.529,0.474,35,43,0
1/10/2020,21900568,Final,1610612751,1610612748,2019,1610612751,117,0.484,0.632,0.341,31,51,1610612748,113,0.518,0.857,0.241,26,40,1
1/10/2020,21900570,Final,1610612741,1610612754,2019,1610612741,105,0.463,0.813,0.439,16,36,1610612754,116,0.571,0.643,0.367,31,46,0
1/10/2020,21900571,Final,1610612763,1610612759,2019,1610612763,134,0.52,0.875,0.421,39,49,1610612759,121,0.483,0.87,0.425,29,37,1
1/10/2020,21900573,Final,1610612756,1610612753,2019,1610612756,98,0.418,0.885,0.321,19,44,1610612753,94,0.371,0.792,0.273,15,49,1
1/10/2020,21900574,Final,1610612762,1610612766,2019,1610612762,109,0.506,0.786,0.429,28,40,1610612766,92,0.467,0.737,0.308,20,37,1
1/10/2020,21900572,Final,1610612742,1610612747,2019,1610612742,114,0.406,0.676,0.289,19,47,1610612747,129,0.528,0.781,0.417,18,49,0
1/10/2020,21900575,Final,1610612758,1610612749,2019,1610612758,106,0.458,0.8,0.286,26,45,1610612749,127,0.495,0.767,0.256,29,52,0
1/10/2020,21900576,Final,1610612746,1610612744,2019,1610612746,109,0.488,0.727,0.282,27,54,1610612744,100,0.385,0.72,0.205,28,46,1
1/9/2020,21900563,Final,1610612765,1610612739,2019,1610612765,112,0.49,0.625,0.3,20,46,1610612739,115,0.527,0.7,0.25,24,39,0
1/9/2020,21900564,Final,1610612755,1610612738,2019,1610612755,109,0.489,0.706,0.407,24,48,1610612738,98,0.432,1,0.389,17,38,1
1/9/2020,21900565,Final,1610612750,1610612757,2019,1610612750,116,0.494,0.714,0.406,25,56,1610612757,102,0.365,0.677,0.297,14,41,1
1/9/2020,21900566,Final,1610612760,1610612745,2019,1610612760,113,0.494,0.8,0.344,22,52,1610612745,92,0.382,0.929,0.275,16,39,1
1/8/2020,21900554,Final,1610612738,1610612759,2019,1610612738,114,0.416,0.9,0.342,26,39,1610612759,129,0.552,0.923,0.31,28,49,0
1/8/2020,21900555,Final,1610612766,1610612761,2019,1610612766,110,0.442,0.731,0.405,30,50,1610612761,112,0.447,0.7,0.389,34,46,0
1/8/2020,21900556,Final,1610612754,1610612748,2019,1610612754,108,0.476,0.76,0.333,25,37,1610612748,122,0.531,0.8,0.421,28,41,0
1/8/2020,21900557,Final,1610612753,1610612764,2019,1610612753,123,0.494,0.794,0.37,24,51,1610612764,89,0.429,0.579,0.261,24,40,1
1/8/2020,21900558,Final,1610612737,1610612745,2019,1610612737,115,0.368,0.889,0.295,20,54,1610612745,122,0.424,0.756,0.289,22,59,0
1/8/2020,21900559,Final,1610612742,1610612743,2019,1610612742,106,0.506,0.667,0.343,27,38,1610612743,107,0.482,0.8,0.375,27,38,0
1/8/2020,21900560,Final,1610612740,1610612741,2019,1610612740,123,0.471,0.813,0.341,31,50,1610612741,108,0.446,0.571,0.4,22,39,1
1/8/2020,21900561,Final,1610612762,1610612752,2019,1610612762,128,0.544,0.609,0.372,29,50,1610612752,104,0.433,1,0.36,18,41,1
1/8/2020,21900562,Final,1610612744,1610612749,2019,1610612744,98,0.379,0.85,0.395,29,52,1610612749,107,0.402,0.875,0.22,22,47,0
1/7/2020,21900548,Final,1610612739,1610612765,2019,1610612739,113,0.494,0.938,0.452,29,46,1610612765,115,0.462,0.857,0.394,26,40,0
1/7/2020,21900549,Final,1610612761,1610612757,2019,1610612761,99,0.365,0.737,0.357,21,57,1610612757,101,0.432,0.857,0.371,23,45,0
1/7/2020,21900550,Final,1610612751,1610612760,2019,1610612751,103,0.408,0.75,0.297,19,52,1610612760,111,0.413,0.828,0.297,19,51,0
1/7/2020,21900551,Final,1610612763,1610612750,2019,1610612763,119,0.517,0.905,0.286,22,44,1610612750,112,0.444,0.81,0.319,23,40,1
1/7/2020,21900552,Final,1610612756,1610612758,2019,1610612756,103,0.481,0.818,0.314,24,41,1610612758,114,0.44,0.893,0.417,18,41,0
1/7/2020,21900553,Final,1610612747,1610612752,2019,1610612747,117,0.5,0.857,0.472,27,48,1610612752,87,0.389,0.563,0.2,15,47,1
1/6/2020,21900539,Final,1610612766,1610612754,2019,1610612766,104,0.457,0.909,0.333,21,38,1610612754,115,0.528,0.786,0.385,31,43,0
1/6/2020,21900540,Final,1610612753,1610612751,2019,1610612753,101,0.432,0.742,0.308,21,60,1610612751,89,0.333,0.789,0.213,20,46,1
1/6/2020,21900541,Final,1610612755,1610612760,2019,1610612755,120,0.511,0.833,0.5,31,42,1610612760,113,0.449,0.677,0.414,17,47,1
1/6/2020,21900542,Final,1610612764,1610612738,2019,1610612764,99,0.464,0.609,0.333,18,47,1610612738,94,0.347,0.769,0.216,17,55,1
1/6/2020,21900543,Final,1610612737,1610612743,2019,1610612737,115,0.455,0.844,0.462,24,34,1610612743,123,0.511,0.741,0.333,27,41,0
1/6/2020,21900544,Final,1610612740,1610612762,2019,1610612740,126,0.479,0.8,0.387,23,48,1610612762,128,0.511,0.833,0.485,19,43,0
1/6/2020,21900545,Final,1610612742,1610612741,2019,1610612742,118,0.524,0.737,0.39,25,43,1610612741,110,0.469,0.818,0.29,25,45,1
1/6/2020,21900546,Final,1610612759,1610612749,2019,1610612759,126,0.511,0.895,0.543,23,54,1610612749,104,0.4,0.929,0.333,24,38,1
1/6/2020,21900547,Final,1610612758,1610612744,2019,1610612758,111,0.481,0.783,0.5,27,43,1610612744,98,0.395,0.781,0.192,19,44,1
1/5/2020,21900534,Final,1610612746,1610612752,2019,1610612746,135,0.542,0.818,0.563,25,42,1610612752,132,0.571,0.649,0.522,22,37,1
1/5/2020,21900535,Final,1610612748,1610612757,2019,1610612748,122,0.522,0.625,0.409,34,47,1610612757,111,0.46,0.9,0.351,21,40,1
1/5/2020,21900536,Final,1610612739,1610612750,2019,1610612739,103,0.476,0.789,0.32,15,44,1610612750,118,0.495,0.769,0.368,32,43,0
1/5/2020,21900537,Final,1610612756,1610612763,2019,1610612756,114,0.453,0.846,0.231,25,46,1610612763,121,0.542,0.765,0.429,31,42,0
1/5/2020,21900538,Final,1610612747,1610612765,2019,1610612747,106,0.457,0.696,0.3,23,50,1610612765,99,0.372,0.857,0.423,21,43,1
1/4/2020,21900523,Final,1610612746,1610612763,2019,1610612746,114,0.446,0.773,0.233,20,49,1610612763,140,0.51,0.857,0.462,36,54,0
1/4/2020,21900524,Final,1610612751,1610612761,2019,1610612751,102,0.478,0.735,0.371,24,38,1610612761,121,0.454,0.714,0.406,21,43,0
1/4/2020,21900525,Final,1610612753,1610612762,2019,1610612753,96,0.447,0.75,0.297,21,46,1610612762,109,0.452,0.643,0.4,22,51,0
1/4/2020,21900526,Final,1610612737,1610612754,2019,1610612737,116,0.512,0.917,0.313,22,40,1610612754,111,0.414,0.829,0.37,24,39,1
1/4/2020,21900527,Final,1610612739,1610612760,2019,1610612739,106,0.459,0.824,0.467,19,42,1610612760,121,0.448,0.808,0.378,24,52,0
1/4/2020,21900528,Final,1610612764,1610612743,2019,1610612764,128,0.549,0.815,0.375,20,49,1610612743,114,0.46,0.824,0.207,18,33,1
1/4/2020,21900529,Final,1610612741,1610612738,2019,1610612741,104,0.425,0.742,0.382,23,37,1610612738,111,0.524,0.81,0.421,22,44,0
1/4/2020,21900530,Final,1610612742,1610612766,2019,1610612742,120,0.47,0.846,0.3,28,41,1610612766,123,0.494,0.903,0.44,27,53,0
1/4/2020,21900531,Final,1610612749,1610612759,2019,1610612749,127,0.494,0.727,0.378,23,49,1610612759,118,0.413,0.912,0.344,20,50,1
1/4/2020,21900532,Final,1610612744,1610612765,2019,1610612744,104,0.402,0.844,0.524,26,42,1610612765,111,0.518,0.875,0.407,24,46,0
1/4/2020,21900533,Final,1610612758,1610612740,2019,1610612758,115,0.447,0.75,0.571,20,51,1610612740,117,0.437,0.758,0.356,28,44,0
1/3/2020,21900517,Final,1610612738,1610612737,2019,1610612738,109,0.441,0.724,0.24,23,54,1610612737,106,0.419,0.8,0.356,26,42,1
1/3/2020,21900518,Final,1610612753,1610612748,2019,1610612753,105,0.407,0.897,0.371,25,44,1610612748,85,0.375,0.783,0.189,16,49,1
1/3/2020,21900519,Final,1610612764,1610612757,2019,1610612764,103,0.422,0.64,0.333,19,41,1610612757,122,0.511,0.788,0.24,16,41,0
1/3/2020,21900520,Final,1610612745,1610612755,2019,1610612745,118,0.477,0.75,0.375,22,46,1610612755,108,0.457,0.72,0.222,32,44,1
1/3/2020,21900521,Final,1610612756,1610612752,2019,1610612756,120,0.467,0.788,0.357,28,48,1610612752,112,0.446,0.667,0.27,19,52,1
1/3/2020,21900522,Final,1610612747,1610612740,2019,1610612747,123,0.5,0.821,0.483,29,47,1610612740,113,0.471,0.857,0.297,24,40,1
1/2/2020,21900508,Final,1610612739,1610612766,2019,1610612739,106,0.506,0.786,0.371,26,42,1610612766,109,0.446,0.833,0.395,25,39,0
1/2/2020,21900509,Final,1610612754,1610612743,2019,1610612754,116,0.524,0.72,0.462,32,34,1610612743,124,0.529,0.889,0.296,27,47,0
1/2/2020,21900510,Final,1610612748,1610612761,2019,1610612748,84,0.407,0.545,0.324,23,50,1610612761,76,0.315,0.824,0.143,20,48,1
1/2/2020,21900511,Final,1610612741,1610612762,2019,1610612741,98,0.394,0.765,0.306,22,45,1610612762,102,0.487,0.773,0.367,24,42,0
1/2/2020,21900512,Final,1610612750,1610612744,2019,1610612750,99,0.4,0.588,0.302,22,52,1610612744,84,0.429,0.714,0.15,20,43,1
1/2/2020,21900513,Final,1610612742,1610612751,2019,1610612742,123,0.506,0.882,0.474,22,46,1610612751,111,0.462,0.882,0.324,29,44,1
1/2/2020,21900514,Final,1610612759,1610612760,2019,1610612759,103,0.435,0.833,0.419,22,45,1610612760,109,0.483,0.7,0.36,19,43,0
1/2/2020,21900515,Final,1610612758,1610612763,2019,1610612758,128,0.489,0.839,0.412,26,41,1610612763,123,0.484,0.952,0.382,31,42,1
1/2/2020,21900516,Final,1610612746,1610612765,2019,1610612746,126,0.543,0.714,0.393,29,51,1610612765,112,0.426,0.714,0.212,20,45,1
1/1/2020,21900504,Final,1610612764,1610612753,2019,1610612764,101,0.379,0.839,0.29,18,46,1610612753,122,0.474,0.741,0.375,25,52,0
1/1/2020,21900505,Final,1610612752,1610612757,2019,1610612752,117,0.48,0.643,0.389,29,55,1610612757,93,0.394,0.6,0.313,17,47,1
1/1/2020,21900506,Final,1610612749,1610612750,2019,1610612749,106,0.426,0.654,0.25,24,60,1610612750,104,0.374,0.75,0.326,18,48,1
1/1/2020,21900507,Final,1610612747,1610612756,2019,1610612747,117,0.478,0.706,0.25,25,45,1610612756,107,0.488,0.739,0.261,32,47,1
12/31/2019,21900497,Final,1610612766,1610612738,2019,1610612766,92,0.395,0.75,0.353,25,41,1610612738,109,0.454,0.7,0.368,25,54,0
12/31/2019,21900498,Final,1610612754,1610612755,2019,1610612754,115,0.488,0.769,0.44,35,38,1610612755,97,0.407,0.85,0.207,24,47,1
12/31/2019,21900499,Final,1610612758,1610612746,2019,1610612758,87,0.413,0.684,0.286,20,41,1610612746,105,0.409,0.955,0.333,21,51,0
12/31/2019,21900500,Final,1610612761,1610612739,2019,1610612761,117,0.476,0.8,0.436,29,45,1610612739,97,0.425,0.813,0.263,21,41,1
12/31/2019,21900501,Final,1610612745,1610612743,2019,1610612745,130,0.529,0.71,0.471,20,43,1610612743,104,0.464,0.667,0.32,25,39,1
12/31/2019,21900502,Final,1610612759,1610612744,2019,1610612759,117,0.469,0.765,0.452,30,53,1610612744,113,0.458,0.722,0.444,31,44,1
12/31/2019,21900503,Final,1610612760,1610612742,2019,1610612760,106,0.429,0.786,0.222,18,56,1610612742,101,0.355,0.741,0.294,19,49,1
12/30/2019,21900491,Final,1610612753,1610612737,2019,1610612753,93,0.416,0.583,0.2,22,40,1610612737,101,0.481,0.824,0.31,21,52,0
12/30/2019,21900492,Final,1610612764,1610612748,2019,1610612764,123,0.512,0.667,0.459,26,40,1610612748,105,0.452,0.744,0.357,18,44,1
12/30/2019,21900493,Final,1610612741,1610612749,2019,1610612741,102,0.374,0.625,0.386,26,43,1610612749,123,0.548,0.833,0.344,29,59,0
12/30/2019,21900494,Final,1610612750,1610612751,2019,1610612750,122,0.404,0.724,0.386,20,60,1610612751,115,0.404,0.741,0.366,22,58,1
12/30/2019,21900495,Final,1610612762,1610612765,2019,1610612762,104,0.47,0.8,0.385,20,46,1610612765,81,0.38,0.739,0.286,14,43,1
12/30/2019,21900496,Final,1610612757,1610612756,2019,1610612757,116,0.458,0.778,0.412,24,42,1610612756,122,0.478,0.955,0.565,29,44,0
12/29/2019,21900486,Final,1610612761,1610612760,2019,1610612761,97,0.422,1,0.375,21,42,1610612760,98,0.436,0.87,0.303,15,43,0
12/29/2019,21900487,Final,1610612763,1610612766,2019,1610612763,117,0.489,1,0.286,30,50,1610612766,104,0.43,0.656,0.29,23,42,1
12/29/2019,21900488,Final,1610612740,1610612745,2019,1610612740,127,0.49,0.692,0.409,32,47,1610612745,112,0.519,0.65,0.385,29,41,1
12/29/2019,21900489,Final,1610612743,1610612758,2019,1610612743,120,0.519,0.903,0.276,23,37,1610612758,115,0.529,0.706,0.382,32,35,1
12/29/2019,21900490,Final,1610612747,1610612742,2019,1610612747,108,0.487,0.821,0.391,28,39,1610612742,95,0.36,0.9,0.302,17,45,1
12/28/2019,21900472,Final,1610612743,1610612763,2019,1610612743,119,0.484,0.741,0.31,28,43,1610612763,110,0.488,0.76,0.3,32,45,1
12/28/2019,21900473,Final,1610612738,1610612761,2019,1610612738,97,0.397,0.778,0.219,18,31,1610612761,113,0.524,0.647,0.412,27,53,0
12/28/2019,21900474,Final,1610612740,1610612754,2019,1610612740,120,0.462,0.8,0.429,25,49,1610612754,98,0.388,0.897,0.214,17,46,1
12/28/2019,21900475,Final,1610612748,1610612755,2019,1610612748,117,0.447,0.793,0.357,26,43,1610612755,116,0.472,0.759,0.333,24,47,1
12/28/2019,21900476,Final,1610612764,1610612752,2019,1610612764,100,0.344,0.774,0.4,16,49,1610612752,107,0.447,0.769,0.355,25,56,0
12/28/2019,21900477,Final,1610612741,1610612737,2019,1610612741,116,0.494,0.789,0.484,22,51,1610612737,81,0.372,0.727,0.265,24,39,1
12/28/2019,21900478,Final,1610612745,1610612751,2019,1610612745,108,0.436,0.438,0.31,16,54,1610612751,98,0.402,0.619,0.282,24,47,1
12/28/2019,21900479,Final,1610612750,1610612739,2019,1610612750,88,0.355,0.737,0.216,17,39,1610612739,94,0.416,0.722,0.2,13,61,0
12/28/2019,21900480,Final,1610612749,1610612753,2019,1610612749,111,0.512,0.667,0.351,30,57,1610612753,100,0.402,0.842,0.4,21,35,1
12/28/2019,21900481,Final,1610612759,1610612765,2019,1610612759,136,0.57,0.8,0.514,30,51,1610612765,109,0.444,0.567,0.333,20,40,1
12/28/2019,21900482,Final,1610612744,1610612742,2019,1610612744,121,0.489,0.765,0.462,28,42,1610612742,141,0.522,1,0.471,35,46,0
12/28/2019,21900483,Final,1610612758,1610612756,2019,1610612758,110,0.488,0.667,0.387,19,36,1610612756,112,0.517,0.867,0.346,30,41,0
12/28/2019,21900484,Final,1610612757,1610612747,2019,1610612757,120,0.477,0.852,0.429,18,39,1610612747,128,0.516,0.821,0.344,32,44,0
12/28/2019,21900485,Final,1610612746,1610612762,2019,1610612746,107,0.368,0.926,0.3,22,46,1610612762,120,0.523,0.765,0.486,25,47,0
12/27/2019,21900466,Final,1610612738,1610612739,2019,1610612738,129,0.516,0.895,0.35,28,43,1610612739,117,0.518,0.69,0.391,22,38,1
12/27/2019,21900467,Final,1610612766,1610612760,2019,1610612766,102,0.416,0.611,0.179,26,54,1610612760,104,0.449,0.613,0.161,19,49,0
12/27/2019,21900468,Final,1610612753,1610612755,2019,1610612753,98,0.42,0.609,0.333,26,48,1610612755,97,0.402,0.81,0.345,23,45,1
12/27/2019,21900469,Final,1610612737,1610612749,2019,1610612737,86,0.363,0.571,0.293,20,46,1610612749,112,0.505,0.692,0.393,29,56,0
12/27/2019,21900470,Final,1610612748,1610612754,2019,1610612748,113,0.449,0.895,0.421,29,56,1610612754,112,0.489,0.833,0.452,27,34,1
12/27/2019,21900471,Final,1610612744,1610612756,2019,1610612744,105,0.413,0.8,0.333,22,41,1610612756,96,0.467,0.792,0.212,22,49,1
12/26/2019,21900460,Final,1610612765,1610612764,2019,1610612765,132,0.535,0.808,0.396,32,48,1610612764,102,0.413,0.704,0.292,18,44,1
12/26/2019,21900461,Final,1610612751,1610612752,2019,1610612751,82,0.269,0.75,0.26,17,50,1610612752,94,0.402,0.733,0.31,16,60,0
12/26/2019,21900462,Final,1610612760,1610612763,2019,1610612760,97,0.413,0.846,0.286,23,34,1610612763,110,0.548,0.727,0.4,26,50,0
12/26/2019,21900463,Final,1610612742,1610612759,2019,1610612742,102,0.422,0.667,0.4,22,52,1610612759,98,0.482,0.667,0.276,18,45,1
12/26/2019,21900464,Final,1610612758,1610612750,2019,1610612758,104,0.346,0.84,0.231,20,67,1610612750,105,0.346,0.793,0.217,23,65,0
12/26/2019,21900465,Final,1610612762,1610612757,2019,1610612762,121,0.568,0.682,0.389,22,41,1610612757,115,0.483,0.737,0.441,14,43,1
12/25/2019,21900455,Final,1610612761,1610612738,2019,1610612761,102,0.475,0.818,0.348,17,34,1610612738,118,0.5,0.857,0.424,26,45,0
12/25/2019,21900456,Final,1610612755,1610612749,2019,1610612755,121,0.436,0.8,0.477,29,49,1610612749,109,0.474,0.75,0.394,23,47,1
12/25/2019,21900457,Final,1610612744,1610612745,2019,1610612744,116,0.471,0.893,0.321,27,54,1610612745,104,0.37,0.875,0.314,19,49,1
12/25/2019,21900458,Final,1610612747,1610612746,2019,1610612747,106,0.406,0.762,0.267,24,42,1610612746,111,0.459,0.75,0.36,24,50,0
12/25/2019,21900459,Final,1610612743,1610612740,2019,1610612743,100,0.402,0.778,0.324,24,40,1610612740,112,0.456,1,0.419,23,52,0
12/23/2019,21900444,Final,1610612739,1610612737,2019,1610612739,121,0.521,0.833,0.379,19,43,1610612737,118,0.474,0.765,0.357,23,37,1
12/23/2019,21900445,Final,1610612765,1610612755,2019,1610612765,109,0.512,0.722,0.333,27,30,1610612755,125,0.547,0.818,0.4,33,48,0
12/23/2019,21900446,Final,1610612754,1610612761,2019,1610612754,120,0.474,0.6,0.429,34,45,1610612761,115,0.457,0.75,0.275,30,50,1
12/23/2019,21900447,Final,1610612752,1610612764,2019,1610612752,115,0.473,0.8,0.417,29,44,1610612764,121,0.47,0.567,0.333,27,48,0
12/23/2019,21900448,Final,1610612753,1610612741,2019,1610612753,103,0.481,0.652,0.385,23,46,1610612741,95,0.398,0.8,0.351,20,47,1
12/23/2019,21900449,Final,1610612748,1610612762,2019,1610612748,107,0.411,0.889,0.36,16,56,1610612762,104,0.433,0.778,0.333,17,45,1
12/23/2019,21900450,Final,1610612763,1610612759,2019,1610612763,115,0.469,0.625,0.405,28,35,1610612759,145,0.674,0.714,0.625,36,46,0
12/23/2019,21900451,Final,1610612756,1610612743,2019,1610612756,111,0.483,0.778,0.351,29,38,1610612743,113,0.551,0.8,0.536,31,39,0
12/23/2019,21900452,Final,1610612757,1610612740,2019,1610612757,94,0.407,0.889,0.138,17,48,1610612740,102,0.409,0.688,0.429,23,55,0
12/23/2019,21900453,Final,1610612758,1610612745,2019,1610612758,104,0.471,0.652,0.233,20,49,1610612745,113,0.448,0.87,0.385,18,39,0
12/23/2019,21900454,Final,1610612744,1610612750,2019,1610612744,113,0.437,0.833,0.4,27,55,1610612750,104,0.402,0.793,0.324,16,40,1
12/22/2019,21900439,Final,1610612761,1610612742,2019,1610612761,110,0.394,0.839,0.294,21,51,1610612742,107,0.389,0.815,0.326,27,53,1
12/22/2019,21900440,Final,1610612738,1610612766,2019,1610612738,119,0.523,0.813,0.438,25,57,1610612766,93,0.402,0.739,0.294,26,27,1
12/22/2019,21900441,Final,1610612749,1610612754,2019,1610612749,117,0.423,0.824,0.341,31,61,1610612754,89,0.37,0.6,0.3,27,48,1
12/22/2019,21900442,Final,1610612760,1610612746,2019,1610612760,118,0.474,0.85,0.333,24,49,1610612746,112,0.465,0.875,0.407,22,42,1
12/22/2019,21900443,Final,1610612747,1610612743,2019,1610612747,104,0.47,0.727,0.345,18,45,1610612743,128,0.489,0.9,0.344,31,44,0
12/21/2019,21900430,Final,1610612766,1610612762,2019,1610612766,107,0.459,0.773,0.414,20,36,1610612762,114,0.52,0.95,0.5,27,42,0
12/21/2019,21900431,Final,1610612751,1610612737,2019,1610612751,122,0.46,0.679,0.367,23,61,1610612737,112,0.371,0.852,0.229,17,52,1
12/21/2019,21900432,Final,1610612765,1610612741,2019,1610612765,107,0.46,0.917,0.457,30,29,1610612741,119,0.519,0.84,0.514,21,46,0
12/21/2019,21900433,Final,1610612755,1610612764,2019,1610612755,125,0.521,0.619,0.424,28,53,1610612764,108,0.409,0.853,0.226,18,38,1
12/21/2019,21900434,Final,1610612752,1610612749,2019,1610612752,102,0.402,0.714,0.3,23,47,1610612749,123,0.482,0.657,0.419,26,52,0
12/21/2019,21900435,Final,1610612763,1610612758,2019,1610612763,119,0.482,0.828,0.429,32,44,1610612758,115,0.43,0.75,0.306,22,51,1
12/21/2019,21900436,Final,1610612759,1610612746,2019,1610612759,109,0.512,0.789,0.357,24,36,1610612746,134,0.545,0.737,0.333,32,43,0
12/21/2019,21900437,Final,1610612756,1610612745,2019,1610612756,125,0.516,0.767,0.286,26,41,1610612745,139,0.586,0.783,0.463,23,37,0
12/21/2019,21900438,Final,1610612757,1610612750,2019,1610612757,113,0.426,0.8,0.371,19,45,1610612750,106,0.437,0.938,0.405,16,39,1
12/20/2019,21900420,Final,1610612739,1610612763,2019,1610612739,114,0.435,0.739,0.459,26,60,1610612763,107,0.431,0.714,0.341,31,46,1
12/20/2019,21900421,Final,1610612754,1610612758,2019,1610612754,119,0.523,0.833,0.452,34,39,1610612758,105,0.451,0.867,0.313,25,41,1
12/20/2019,21900422,Final,1610612738,1610612765,2019,1610612738,114,0.523,0.714,0.333,24,51,1610612765,93,0.4,0.737,0.355,21,36,1
12/20/2019,21900423,Final,1610612761,1610612764,2019,1610612761,122,0.487,0.773,0.4,26,42,1610612764,118,0.46,0.75,0.359,24,39,1
12/20/2019,21900424,Final,1610612748,1610612752,2019,1610612748,129,0.558,0.735,0.474,34,51,1610612752,114,0.436,0.667,0.294,23,41,1
12/20/2019,21900425,Final,1610612755,1610612742,2019,1610612755,98,0.422,0.667,0.294,25,46,1610612742,117,0.518,0.773,0.424,23,49,0
12/20/2019,21900426,Final,1610612760,1610612756,2019,1610612760,126,0.563,0.857,0.417,23,41,1610612756,108,0.437,0.913,0.344,26,37,1
12/20/2019,21900427,Final,1610612743,1610612750,2019,1610612743,109,0.494,0.917,0.357,27,44,1610612750,100,0.414,0.667,0.238,20,46,1
12/20/2019,21900428,Final,1610612757,1610612753,2019,1610612757,118,0.5,0.895,0.472,16,54,1610612753,103,0.368,0.692,0.25,21,48,1
12/20/2019,21900429,Final,1610612744,1610612740,2019,1610612744,106,0.434,0.96,0.303,25,47,1610612740,102,0.419,0.652,0.265,23,48,1
12/19/2019,21900416,Final,1610612737,1610612762,2019,1610612737,106,0.433,0.895,0.379,24,40,1610612762,111,0.47,0.711,0.25,18,53,0
12/19/2019,21900417,Final,1610612749,1610612747,2019,1610612749,111,0.468,0.719,0.41,22,40,1610612747,104,0.463,0.783,0.343,24,38,1
12/19/2019,21900418,Final,1610612759,1610612751,2019,1610612759,118,0.448,0.826,0.394,26,47,1610612751,105,0.422,0.933,0.194,16,47,1
12/19/2019,21900419,Final,1610612746,1610612745,2019,1610612746,117,0.5,0.789,0.432,23,38,1610612745,122,0.5,0.759,0.378,23,43,0
12/18/2019,21900407,Final,1610612739,1610612766,2019,1610612739,100,0.541,0.765,0.269,25,48,1610612766,98,0.407,0.611,0.351,25,35,1
12/18/2019,21900408,Final,1610612765,1610612761,2019,1610612765,99,0.448,0.682,0.171,19,48,1610612761,112,0.429,0.875,0.371,27,47,0
12/18/2019,21900409,Final,1610612764,1610612741,2019,1610612764,109,0.358,0.844,0.311,21,55,1610612741,110,0.402,0.875,0.297,25,53,0
12/18/2019,21900410,Final,1610612755,1610612748,2019,1610612755,104,0.422,0.889,0.308,24,41,1610612748,108,0.471,0.8,0.387,26,47,0
12/18/2019,21900411,Final,1610612750,1610612740,2019,1610612750,99,0.379,0.63,0.256,20,43,1610612740,107,0.442,0.81,0.424,23,55,0
12/18/2019,21900412,Final,1610612760,1610612763,2019,1610612760,126,0.548,0.794,0.292,25,35,1610612763,122,0.505,0.8,0.385,27,47,1
12/18/2019,21900414,Final,1610612743,1610612753,2019,1610612743,113,0.476,0.88,0.407,28,52,1610612753,104,0.425,0.905,0.379,25,35,1
12/18/2019,21900413,Final,1610612742,1610612738,2019,1610612742,103,0.391,0.8,0.349,23,42,1610612738,109,0.407,0.9,0.316,13,54,0
12/18/2019,21900415,Final,1610612757,1610612744,2019,1610612757,122,0.454,0.893,0.29,19,57,1610612744,112,0.398,0.609,0.421,24,50,1
12/17/2019,21900401,Final,1610612766,1610612758,2019,1610612766,110,0.481,0.704,0.433,26,51,1610612758,102,0.418,0.923,0.359,23,33,1
12/17/2019,21900402,Final,1610612754,1610612747,2019,1610612754,105,0.482,0.65,0.4,22,43,1610612747,102,0.473,0.471,0.258,28,42,1
12/17/2019,21900403,Final,1610612752,1610612737,2019,1610612752,143,0.558,0.774,0.464,30,55,1610612737,120,0.455,0.75,0.349,20,36,1
12/17/2019,21900404,Final,1610612740,1610612751,2019,1610612740,101,0.346,0.667,0.275,20,58,1610612751,108,0.417,0.739,0.282,25,54,0
12/17/2019,21900405,Final,1610612762,1610612753,2019,1610612762,109,0.467,0.625,0.417,27,58,1610612753,102,0.452,0.733,0.2,21,41,1
12/17/2019,21900406,Final,1610612746,1610612756,2019,1610612746,120,0.506,0.727,0.438,23,44,1610612756,99,0.402,0.7,0.286,30,50,1
12/16/2019,21900394,Final,1610612765,1610612764,2019,1610612765,119,0.477,0.706,0.333,29,36,1610612764,133,0.557,0.81,0.529,31,35,0
12/16/2019,21900395,Final,1610612761,1610612739,2019,1610612761,133,0.584,0.765,0.5,31,41,1610612739,113,0.489,0.765,0.343,30,39,1
12/16/2019,21900396,Final,1610612745,1610612759,2019,1610612745,109,0.408,0.667,0.256,20,58,1610612759,107,0.429,0.85,0.364,23,53,1
12/16/2019,21900397,Final,1610612763,1610612748,2019,1610612763,118,0.488,0.7,0.361,28,45,1610612748,111,0.457,0.839,0.458,22,35,1
12/16/2019,21900398,Final,1610612749,1610612742,2019,1610612749,116,0.419,0.708,0.268,29,52,1610612742,120,0.466,0.815,0.39,27,52,0
12/16/2019,21900399,Final,1610612760,1610612741,2019,1610612760,109,0.507,0.821,0.471,21,42,1610612741,106,0.494,0.846,0.29,27,31,1
12/16/2019,21900400,Final,1610612756,1610612757,2019,1610612756,110,0.456,0.842,0.353,31,44,1610612757,111,0.476,0.85,0.412,21,41,0
12/15/2019,21900388,Final,1610612740,1610612753,2019,1610612740,119,0.534,0.5,0.442,34,40,1610612753,130,0.517,0.808,0.5,32,39,0
12/15/2019,21900389,Final,1610612754,1610612766,2019,1610612754,107,0.455,0.85,0.286,30,51,1610612766,85,0.308,0.686,0.156,18,56,1
12/15/2019,21900390,Final,1610612737,1610612747,2019,1610612737,96,0.36,0.88,0.286,18,42,1610612747,101,0.429,0.727,0.161,21,56,0
12/15/2019,21900391,Final,1610612751,1610612755,2019,1610612751,109,0.457,0.778,0.375,22,51,1610612755,89,0.43,0.588,0.192,19,38,1
12/15/2019,21900392,Final,1610612743,1610612752,2019,1610612743,111,0.468,0.684,0.357,27,48,1610612752,105,0.468,0.9,0.25,20,47,1
12/15/2019,21900393,Final,1610612744,1610612758,2019,1610612744,79,0.395,0.722,0.24,24,25,1610612758,100,0.603,0.875,0.455,27,38,0
12/14/2019,21900380,Final,1610612756,1610612759,2019,1610612756,119,0.437,0.731,0.25,29,59,1610612759,121,0.415,0.735,0.267,23,62,0
12/14/2019,21900381,Final,1610612761,1610612751,2019,1610612761,110,0.388,0.8,0.35,21,51,1610612751,102,0.386,0.706,0.261,24,59,1
12/14/2019,21900382,Final,1610612741,1610612746,2019,1610612741,109,0.471,0.833,0.452,21,50,1610612746,106,0.438,0.722,0.455,20,40,1
12/14/2019,21900383,Final,1610612763,1610612764,2019,1610612763,128,0.571,0.875,0.407,32,46,1610612764,111,0.424,0.781,0.368,22,34,1
12/14/2019,21900384,Final,1610612742,1610612748,2019,1610612742,118,0.446,0.647,0.386,30,48,1610612748,122,0.429,0.824,0.4,27,49,0
12/14/2019,21900385,Final,1610612749,1610612739,2019,1610612749,125,0.541,0.731,0.378,26,41,1610612739,108,0.456,0.733,0.429,27,45,1
12/14/2019,21900386,Final,1610612745,1610612765,2019,1610612745,107,0.402,0.667,0.289,18,46,1610612765,115,0.446,0.84,0.324,27,55,0
12/14/2019,21900387,Final,1610612743,1610612760,2019,1610612743,110,0.506,0.739,0.259,30,44,1610612760,102,0.469,0.87,0.261,22,37,1
12/13/2019,21900371,Final,1610612753,1610612745,2019,1610612753,107,0.44,0.75,0.405,24,37,1610612745,130,0.558,0.923,0.564,21,42,0
12/13/2019,21900372,Final,1610612755,1610612740,2019,1610612755,116,0.494,0.676,0.35,24,47,1610612740,109,0.432,0.686,0.375,24,45,1
12/13/2019,21900374,Final,1610612748,1610612747,2019,1610612748,110,0.459,0.786,0.303,24,34,1610612747,113,0.494,0.652,0.324,26,50,0
12/13/2019,21900373,Final,1610612737,1610612754,2019,1610612737,100,0.415,0.696,0.214,24,50,1610612754,110,0.5,0.733,0.318,28,46,0
12/13/2019,21900375,Final,1610612741,1610612766,2019,1610612741,73,0.3,0.857,0.206,20,45,1610612766,83,0.38,0.81,0.194,21,60,0
12/13/2019,21900376,Final,1610612763,1610612749,2019,1610612763,114,0.388,0.783,0.408,27,45,1610612749,127,0.506,0.848,0.367,22,55,0
12/13/2019,21900379,Final,1610612762,1610612744,2019,1610612762,114,0.468,0.774,0.421,22,43,1610612744,106,0.451,0.682,0.31,19,48,1
12/13/2019,21900377,Final,1610612750,1610612746,2019,1610612750,117,0.447,0.838,0.244,17,39,1610612746,124,0.494,0.897,0.44,16,45,0
12/13/2019,21900378,Final,1610612758,1610612752,2019,1610612758,101,0.47,0.75,0.436,19,41,1610612752,103,0.463,0.6,0.3,24,48,0
12/12/2019,21900367,Final,1610612738,1610612755,2019,1610612738,109,0.462,0.824,0.355,24,33,1610612755,115,0.5,0.826,0.5,27,45,0
12/12/2019,21900368,Final,1610612759,1610612739,2019,1610612759,109,0.488,0.8,0.313,19,36,1610612739,117,0.458,0.7,0.333,22,50,0
12/12/2019,21900369,Final,1610612765,1610612742,2019,1610612765,111,0.449,0.696,0.357,23,34,1610612742,122,0.511,0.696,0.364,25,52,0
12/12/2019,21900370,Final,1610612743,1610612757,2019,1610612743,114,0.477,0.632,0.5,25,48,1610612757,99,0.477,0.727,0.3,22,35,1
12/11/2019,21900356,Final,1610612739,1610612745,2019,1610612739,110,0.517,0.625,0.406,29,36,1610612745,116,0.494,1,0.405,18,36,0
12/11/2019,21900357,Final,1610612754,1610612738,2019,1610612754,122,0.482,0.833,0.4,27,36,1610612738,117,0.494,0.773,0.389,25,44,1
12/11/2019,21900358,Final,1610612753,1610612747,2019,1610612753,87,0.42,0.647,0.308,20,41,1610612747,96,0.425,0.526,0.387,20,49,0
12/11/2019,21900359,Final,1610612761,1610612746,2019,1610612761,92,0.352,0.88,0.222,21,47,1610612746,112,0.442,0.889,0.3,29,50,0
12/11/2019,21900360,Final,1610612751,1610612766,2019,1610612751,108,0.432,0.667,0.263,20,52,1610612766,113,0.409,0.813,0.429,20,47,0
12/11/2019,21900361,Final,1610612741,1610612737,2019,1610612741,136,0.574,0.895,0.458,32,42,1610612737,102,0.422,0.731,0.342,26,41,1
12/11/2019,21900362,Final,1610612750,1610612762,2019,1610612750,116,0.44,0.808,0.366,18,42,1610612762,127,0.566,0.773,0.457,23,45,0
12/11/2019,21900363,Final,1610612756,1610612763,2019,1610612756,108,0.398,0.833,0.265,29,44,1610612763,115,0.483,0.808,0.417,23,55,0
12/11/2019,21900364,Final,1610612749,1610612740,2019,1610612749,127,0.538,0.889,0.487,27,43,1610612740,112,0.443,0.818,0.356,29,42,1
12/11/2019,21900365,Final,1610612758,1610612760,2019,1610612758,94,0.443,0.6,0.323,12,41,1610612760,93,0.43,0.667,0.394,24,43,1
12/11/2019,21900366,Final,1610612744,1610612752,2019,1610612744,122,0.433,0.733,0.27,27,46,1610612752,124,0.478,0.765,0.414,25,58,0
12/10/2019,21900352,Final,1610612766,1610612764,2019,1610612766,114,0.447,0.786,0.39,22,48,1610612764,107,0.422,0.8,0.314,27,45,1
12/10/2019,21900353,Final,1610612755,1610612743,2019,1610612755,97,0.416,0.688,0.333,24,49,1610612743,92,0.435,0.917,0.259,29,38,1
12/10/2019,21900354,Final,1610612748,1610612737,2019,1610612748,135,0.515,0.682,0.341,35,53,1610612737,121,0.474,0.611,0.37,30,37,1
12/10/2019,21900355,Final,1610612757,1610612752,2019,1610612757,115,0.433,0.833,0.415,20,58,1610612752,87,0.352,0.615,0.184,16,47,1
12/9/2019,21900343,Final,1610612754,1610612746,2019,1610612754,99,0.351,0.75,0.286,16,55,1610612746,110,0.412,0.741,0.313,19,57,0
12/9/2019,21900344,Final,1610612738,1610612739,2019,1610612738,110,0.577,0.625,0.556,22,39,1610612739,88,0.396,0.474,0.226,18,45,1
12/9/2019,21900345,Final,1610612741,1610612761,2019,1610612741,92,0.393,0.714,0.261,30,45,1610612761,93,0.378,0.692,0.241,19,54,0
12/9/2019,21900346,Final,1610612745,1610612758,2019,1610612745,118,0.488,0.826,0.34,25,51,1610612758,119,0.455,0.864,0.444,24,37,0
12/9/2019,21900347,Final,1610612749,1610612753,2019,1610612749,110,0.467,0.533,0.39,30,54,1610612753,101,0.38,0.808,0.323,24,44,1
12/9/2019,21900348,Final,1610612740,1610612765,2019,1610612740,103,0.44,0.682,0.211,24,45,1610612765,105,0.424,0.815,0.314,15,46,0
12/9/2019,21900349,Final,1610612756,1610612750,2019,1610612756,125,0.495,0.789,0.4,31,42,1610612750,109,0.471,0.793,0.273,14,45,1
12/9/2019,21900350,Final,1610612762,1610612760,2019,1610612762,90,0.404,0.833,0.258,19,48,1610612760,104,0.471,0.842,0.286,21,46,0
12/9/2019,21900351,Final,1610612744,1610612763,2019,1610612744,102,0.376,0.84,0.407,23,46,1610612763,110,0.5,0.765,0.375,29,42,0
12/8/2019,21900335,Final,1610612751,1610612743,2019,1610612751,105,0.46,0.783,0.25,25,48,1610612743,102,0.404,0.857,0.429,25,37,1
12/8/2019,21900336,Final,1610612766,1610612737,2019,1610612766,107,0.4,0.828,0.355,22,44,1610612737,122,0.484,0.941,0.4,28,48,0
12/8/2019,21900337,Final,1610612748,1610612741,2019,1610612748,110,0.416,0.795,0.314,20,43,1610612741,105,0.438,0.815,0.361,20,39,1
12/8/2019,21900338,Final,1610612755,1610612761,2019,1610612755,110,0.506,0.762,0.438,31,40,1610612761,104,0.432,0.85,0.333,21,42,1
12/8/2019,21900339,Final,1610612764,1610612746,2019,1610612764,119,0.455,0.833,0.424,28,38,1610612746,135,0.521,0.741,0.375,27,45,0
12/8/2019,21900340,Final,1610612742,1610612758,2019,1610612742,106,0.477,0.875,0.386,24,40,1610612758,110,0.518,0.818,0.382,24,35,0
12/8/2019,21900341,Final,1610612757,1610612760,2019,1610612757,96,0.36,0.833,0.273,16,51,1610612760,108,0.412,0.794,0.344,12,54,0
12/8/2019,21900342,Final,1610612747,1610612750,2019,1610612747,142,0.585,0.9,0.452,32,41,1610612750,125,0.524,0.846,0.405,27,31,1
12/7/2019,21900330,Final,1610612742,1610612740,2019,1610612742,130,0.535,0.806,0.342,25,55,1610612740,84,0.36,0.81,0.094,17,34,1
12/7/2019,21900331,Final,1610612752,1610612754,2019,1610612752,103,0.406,0.714,0.323,24,52,1610612754,104,0.482,0.769,0.429,26,42,0
12/7/2019,21900332,Final,1610612755,1610612739,2019,1610612755,141,0.633,0.696,0.423,43,51,1610612739,94,0.375,0.765,0.257,20,35,1
12/7/2019,21900333,Final,1610612745,1610612756,2019,1610612745,115,0.451,0.733,0.275,21,51,1610612756,109,0.417,0.643,0.314,29,51,1
12/7/2019,21900334,Final,1610612762,1610612763,2019,1610612762,126,0.563,0.944,0.559,32,41,1610612763,112,0.531,0.64,0.286,23,28,1
12/6/2019,21900320,Final,1610612766,1610612751,2019,1610612766,104,0.434,0.882,0.425,23,34,1610612751,111,0.477,0.8,0.395,35,49,0
12/6/2019,21900321,Final,1610612739,1610612753,2019,1610612739,87,0.422,0.7,0.294,22,45,1610612753,93,0.39,0.87,0.346,19,43,0
12/6/2019,21900322,Final,1610612765,1610612754,2019,1610612765,108,0.448,0.731,0.44,21,51,1610612754,101,0.458,0.8,0.375,24,33,1
12/6/2019,21900323,Final,1610612738,1610612743,2019,1610612738,108,0.537,0.875,0.371,21,37,1610612743,95,0.415,0.8,0.167,18,41,1
12/6/2019,21900324,Final,1610612748,1610612764,2019,1610612748,112,0.488,0.75,0.357,28,50,1610612764,103,0.429,0.929,0.308,29,39,1
12/6/2019,21900325,Final,1610612741,1610612744,2019,1610612741,98,0.443,0.6,0.415,21,37,1610612744,100,0.535,0.682,0.375,24,39,0
12/6/2019,21900326,Final,1610612760,1610612750,2019,1610612760,139,0.557,0.9,0.278,19,39,1610612750,127,0.521,0.7,0.342,25,36,1
12/6/2019,21900327,Final,1610612749,1610612746,2019,1610612749,119,0.468,0.81,0.389,29,53,1610612746,91,0.351,0.895,0.25,18,48,1
12/6/2019,21900328,Final,1610612759,1610612758,2019,1610612759,105,0.427,0.706,0.344,25,52,1610612758,104,0.392,0.833,0.265,19,52,1
12/6/2019,21900329,Final,1610612757,1610612747,2019,1610612757,113,0.453,0.862,0.294,20,34,1610612747,136,0.541,0.818,0.472,26,45,0
12/5/2019,21900316,Final,1610612764,1610612755,2019,1610612764,119,0.456,0.813,0.407,25,41,1610612755,113,0.532,0.75,0.464,25,44,1
12/5/2019,21900317,Final,1610612752,1610612743,2019,1610612752,92,0.41,0.652,0.265,23,33,1610612743,129,0.563,0.556,0.538,38,48,0
12/5/2019,21900318,Final,1610612761,1610612745,2019,1610612761,109,0.432,0.875,0.308,27,45,1610612745,119,0.408,0.895,0.4,29,54,0
12/5/2019,21900319,Final,1610612740,1610612756,2019,1610612740,132,0.506,0.771,0.415,27,40,1610612756,139,0.472,0.926,0.389,30,51,0
12/4/2019,21900306,Final,1610612766,1610612744,2019,1610612766,106,0.46,0.625,0.438,30,44,1610612744,91,0.462,0.667,0.391,18,37,1
12/4/2019,21900307,Final,1610612765,1610612749,2019,1610612765,103,0.419,0.636,0.306,25,40,1610612749,127,0.489,0.926,0.4,25,55,0
12/4/2019,21900308,Final,1610612753,1610612756,2019,1610612753,128,0.576,0.8,0.56,27,45,1610612756,114,0.489,0.65,0.455,36,29,1
12/4/2019,21900309,Final,1610612737,1610612751,2019,1610612737,118,0.533,0.619,0.346,24,35,1610612751,130,0.495,0.889,0.452,26,53,0
12/4/2019,21900310,Final,1610612738,1610612748,2019,1610612738,112,0.443,0.813,0.39,21,46,1610612748,93,0.442,0.647,0.368,20,40,1
12/4/2019,21900311,Final,1610612741,1610612763,2019,1610612741,106,0.429,0.73,0.394,22,50,1610612763,99,0.385,0.857,0.233,24,46,1
12/4/2019,21900312,Final,1610612760,1610612754,2019,1610612760,100,0.488,0.9,0.346,25,37,1610612754,107,0.483,0.824,0.375,19,39,0
12/4/2019,21900313,Final,1610612742,1610612750,2019,1610612742,121,0.5,0.783,0.297,24,45,1610612750,114,0.416,0.885,0.447,23,44,1
12/4/2019,21900314,Final,1610612762,1610612747,2019,1610612762,96,0.41,0.737,0.452,20,40,1610612747,121,0.511,0.6,0.483,27,46,0
12/4/2019,21900315,Final,1610612757,1610612758,2019,1610612757,127,0.56,0.81,0.5,28,43,1610612758,116,0.463,0.739,0.324,26,44,1
12/3/2019,21900299,Final,1610612739,1610612765,2019,1610612739,94,0.422,0.714,0.296,16,40,1610612765,127,0.543,0.636,0.514,33,46,0
12/3/2019,21900300,Final,1610612764,1610612753,2019,1610612764,120,0.506,0.783,0.343,22,38,1610612753,127,0.511,0.741,0.484,26,48,0
12/3/2019,21900301,Final,1610612761,1610612748,2019,1610612761,110,0.385,0.806,0.256,25,48,1610612748,121,0.455,0.762,0.395,29,55,0
12/3/2019,21900302,Final,1610612740,1610612742,2019,1610612740,97,0.404,0.667,0.268,20,47,1610612742,118,0.432,0.852,0.422,22,51,0
12/3/2019,21900303,Final,1610612759,1610612745,2019,1610612759,135,0.472,0.688,0.433,35,56,1610612745,133,0.378,0.944,0.294,22,60,1
12/3/2019,21900304,Final,1610612743,1610612747,2019,1610612743,96,0.407,0.941,0.207,26,35,1610612747,105,0.464,0.667,0.292,24,56,0
12/3/2019,21900305,Final,1610612746,1610612757,2019,1610612746,117,0.457,0.56,0.5,25,49,1610612757,97,0.429,0.8,0.259,20,49,1
